id,train_id,section_id,service_date,scheduled_entry,scheduled_exit,train_type,priority_class
MV_TRN_0_SEC4_0,TRN_0,SEC4,2026-09-07,2026-09-07 00:31:00,2026-09-07 01:07:00,FREIGHT,LOW
MV_TRN_1_SEC2_0,TRN_1,SEC2,2026-09-07,2026-09-07 15:01:00,2026-09-07 15:30:00,PASSENGER,MEDIUM
MV_TRN_2_SEC2_0,TRN_2,SEC2,2026-09-07,2026-09-07 22:08:00,2026-09-07 22:46:00,EXPRESS,HIGH
MV_TRN_3_SEC1_0,TRN_3,SEC1,2026-09-07,2026-09-07 21:12:00,2026-09-07 22:01:00,FREIGHT,LOW
MV_TRN_4_SEC1_0,TRN_4,SEC1,2026-09-07,2026-09-07 12:17:00,2026-09-07 13:10:00,PASSENGER,MEDIUM
MV_TRN_5_SEC3_0,TRN_5,SEC3,2026-09-07,2026-09-07 14:42:00,2026-09-07 15:33:00,PASSENGER,MEDIUM
MV_TRN_6_SEC1_0,TRN_6,SEC1,2026-09-07,2026-09-07 15:17:00,2026-09-07 15:38:00,FREIGHT,LOW
MV_TRN_7_SEC3_0,TRN_7,SEC3,2026-09-07,2026-09-07 11:40:00,2026-09-07 12:03:00,PASSENGER,MEDIUM
MV_TRN_8_SEC2_0,TRN_8,SEC2,2026-09-07,2026-09-07 11:42:00,2026-09-07 12:13:00,EXPRESS,HIGH
MV_TRN_9_SEC2_0,TRN_9,SEC2,2026-09-07,2026-09-07 15:48:00,2026-09-07 16:44:00,PASSENGER,MEDIUM
MV_TRN_10_SEC3_0,TRN_10,SEC3,2026-09-07,2026-09-07 07:27:00,2026-09-07 08:14:00,FREIGHT,LOW
MV_TRN_11_SEC4_0,TRN_11,SEC4,2026-09-07,2026-09-07 18:41:00,2026-09-07 19:28:00,PASSENGER,MEDIUM
MV_TRN_12_SEC3_0,TRN_12,SEC3,2026-09-07,2026-09-07 00:40:00,2026-09-07 01:11:00,EXPRESS,HIGH
MV_TRN_13_SEC1_0,TRN_13,SEC1,2026-09-07,2026-09-07 05:17:00,2026-09-07 06:01:00,FREIGHT,LOW
MV_TRN_14_SEC2_0,TRN_14,SEC2,2026-09-07,2026-09-07 19:27:00,2026-09-07 19:56:00,PASSENGER,MEDIUM
MV_TRN_15_SEC4_0,TRN_15,SEC4,2026-09-07,2026-09-07 20:09:00,2026-09-07 20:33:00,FREIGHT,LOW
MV_TRN_16_SEC4_0,TRN_16,SEC4,2026-09-07,2026-09-07 10:50:00,2026-09-07 11:12:00,EXPRESS,HIGH
MV_TRN_17_SEC3_0,TRN_17,SEC3,2026-09-07,2026-09-07 14:04:00,2026-09-07 14:56:00,EXPRESS,HIGH
MV_TRN_18_SEC4_0,TRN_18,SEC4,2026-09-07,2026-09-07 09:39:00,2026-09-07 10:00:00,PASSENGER,MEDIUM
MV_TRN_19_SEC4_0,TRN_19,SEC4,2026-09-07,2026-09-07 07:06:00,2026-09-07 07:48:00,FREIGHT,LOW
MV_TRN_20_SEC2_0,TRN_20,SEC2,2026-09-07,2026-09-07 19:06:00,2026-09-07 19:35:00,FREIGHT,LOW
MV_TRN_21_SEC4_0,TRN_21,SEC4,2026-09-07,2026-09-07 20:41:00,2026-09-07 21:33:00,PASSENGER,MEDIUM
MV_TRN_22_SEC4_0,TRN_22,SEC4,2026-09-07,2026-09-07 19:21:00,2026-09-07 19:57:00,FREIGHT,LOW
MV_TRN_23_SEC2_0,TRN_23,SEC2,2026-09-07,2026-09-07 16:50:00,2026-09-07 17:48:00,FREIGHT,LOW
MV_TRN_24_SEC3_0,TRN_24,SEC3,2026-09-07,2026-09-07 11:09:00,2026-09-07 12:08:00,EXPRESS,HIGH
MV_TRN_25_SEC3_0,TRN_25,SEC3,2026-09-07,2026-09-07 13:19:00,2026-09-07 13:59:00,PASSENGER,MEDIUM
MV_TRN_26_SEC4_0,TRN_26,SEC4,2026-09-07,2026-09-07 14:54:00,2026-09-07 15:26:00,FREIGHT,LOW
MV_TRN_27_SEC1_0,TRN_27,SEC1,2026-09-07,2026-09-07 10:02:00,2026-09-07 10:43:00,PASSENGER,MEDIUM
MV_TRN_28_SEC2_0,TRN_28,SEC2,2026-09-07,2026-09-07 04:26:00,2026-09-07 05:15:00,PASSENGER,MEDIUM
MV_TRN_29_SEC4_0,TRN_29,SEC4,2026-09-07,2026-09-07 02:37:00,2026-09-07 03:35:00,FREIGHT,LOW
MV_TRN_30_SEC4_0,TRN_30,SEC4,2026-09-07,2026-09-07 21:30:00,2026-09-07 22:23:00,FREIGHT,LOW
MV_TRN_31_SEC1_0,TRN_31,SEC1,2026-09-07,2026-09-07 18:46:00,2026-09-07 19:15:00,EXPRESS,HIGH
MV_TRN_32_SEC4_0,TRN_32,SEC4,2026-09-07,2026-09-07 07:58:00,2026-09-07 08:44:00,PASSENGER,MEDIUM
MV_TRN_33_SEC3_0,TRN_33,SEC3,2026-09-07,2026-09-07 12:39:00,2026-09-07 13:35:00,EXPRESS,HIGH
MV_TRN_34_SEC1_0,TRN_34,SEC1,2026-09-07,2026-09-07 04:43:00,2026-09-07 05:34:00,FREIGHT,LOW
MV_TRN_35_SEC4_0,TRN_35,SEC4,2026-09-07,2026-09-07 04:01:00,2026-09-07 04:51:00,EXPRESS,HIGH
MV_TRN_36_SEC2_0,TRN_36,SEC2,2026-09-07,2026-09-07 11:15:00,2026-09-07 11:58:00,PASSENGER,MEDIUM
MV_TRN_37_SEC3_0,TRN_37,SEC3,2026-09-07,2026-09-07 21:31:00,2026-09-07 22:14:00,PASSENGER,MEDIUM
MV_TRN_38_SEC4_0,TRN_38,SEC4,2026-09-07,2026-09-07 10:14:00,2026-09-07 10:30:00,PASSENGER,MEDIUM
MV_TRN_39_SEC3_0,TRN_39,SEC3,2026-09-07,2026-09-07 09:34:00,2026-09-07 09:53:00,EXPRESS,HIGH
MV_TRN_40_SEC1_0,TRN_40,SEC1,2026-09-07,2026-09-07 08:02:00,2026-09-07 08:26:00,PASSENGER,MEDIUM
MV_TRN_41_SEC1_0,TRN_41,SEC1,2026-09-07,2026-09-07 04:31:00,2026-09-07 05:21:00,EXPRESS,HIGH
MV_TRN_42_SEC3_0,TRN_42,SEC3,2026-09-07,2026-09-07 21:23:00,2026-09-07 22:07:00,FREIGHT,LOW
MV_TRN_43_SEC3_0,TRN_43,SEC3,2026-09-07,2026-09-07 21:40:00,2026-09-07 21:55:00,EXPRESS,HIGH
MV_TRN_44_SEC2_0,TRN_44,SEC2,2026-09-07,2026-09-07 12:13:00,2026-09-07 12:48:00,PASSENGER,MEDIUM
MV_TRN_45_SEC4_0,TRN_45,SEC4,2026-09-07,2026-09-07 18:37:00,2026-09-07 19:18:00,PASSENGER,MEDIUM
MV_TRN_46_SEC4_0,TRN_46,SEC4,2026-09-07,2026-09-07 18:33:00,2026-09-07 18:51:00,FREIGHT,LOW
MV_TRN_47_SEC3_0,TRN_47,SEC3,2026-09-07,2026-09-07 13:16:00,2026-09-07 13:41:00,PASSENGER,MEDIUM
MV_TRN_48_SEC1_0,TRN_48,SEC1,2026-09-07,2026-09-07 12:22:00,2026-09-07 13:04:00,PASSENGER,MEDIUM
MV_TRN_49_SEC4_0,TRN_49,SEC4,2026-09-07,2026-09-07 21:02:00,2026-09-07 21:26:00,PASSENGER,MEDIUM
MV_TRN_0_SEC4_1,TRN_0,SEC4,2026-09-08,2026-09-08 18:05:00,2026-09-08 19:00:00,FREIGHT,LOW
MV_TRN_1_SEC2_1,TRN_1,SEC2,2026-09-08,2026-09-08 17:26:00,2026-09-08 18:25:00,PASSENGER,MEDIUM
MV_TRN_2_SEC2_1,TRN_2,SEC2,2026-09-08,2026-09-08 14:21:00,2026-09-08 14:48:00,PASSENGER,MEDIUM
MV_TRN_3_SEC4_1,TRN_3,SEC4,2026-09-08,2026-09-08 16:21:00,2026-09-08 16:46:00,EXPRESS,HIGH
MV_TRN_4_SEC3_1,TRN_4,SEC3,2026-09-08,2026-09-08 22:01:00,2026-09-08 22:58:00,PASSENGER,MEDIUM
MV_TRN_5_SEC1_1,TRN_5,SEC1,2026-09-08,2026-09-08 14:41:00,2026-09-08 15:15:00,PASSENGER,MEDIUM
MV_TRN_6_SEC4_1,TRN_6,SEC4,2026-09-08,2026-09-08 16:41:00,2026-09-08 17:08:00,PASSENGER,MEDIUM
MV_TRN_7_SEC4_1,TRN_7,SEC4,2026-09-08,2026-09-08 05:51:00,2026-09-08 06:33:00,FREIGHT,LOW
MV_TRN_8_SEC4_1,TRN_8,SEC4,2026-09-08,2026-09-08 07:53:00,2026-09-08 08:09:00,FREIGHT,LOW
MV_TRN_9_SEC4_1,TRN_9,SEC4,2026-09-08,2026-09-08 17:57:00,2026-09-08 18:23:00,FREIGHT,LOW
MV_TRN_10_SEC2_1,TRN_10,SEC2,2026-09-08,2026-09-08 05:44:00,2026-09-08 06:15:00,EXPRESS,HIGH
MV_TRN_11_SEC1_1,TRN_11,SEC1,2026-09-08,2026-09-08 17:26:00,2026-09-08 17:42:00,EXPRESS,HIGH
MV_TRN_12_SEC3_1,TRN_12,SEC3,2026-09-08,2026-09-08 11:30:00,2026-09-08 11:49:00,EXPRESS,HIGH
MV_TRN_13_SEC4_1,TRN_13,SEC4,2026-09-08,2026-09-08 20:11:00,2026-09-08 20:26:00,PASSENGER,MEDIUM
MV_TRN_14_SEC4_1,TRN_14,SEC4,2026-09-08,2026-09-08 17:27:00,2026-09-08 17:44:00,FREIGHT,LOW
MV_TRN_15_SEC4_1,TRN_15,SEC4,2026-09-08,2026-09-08 08:50:00,2026-09-08 09:29:00,FREIGHT,LOW
MV_TRN_16_SEC1_1,TRN_16,SEC1,2026-09-08,2026-09-08 13:03:00,2026-09-08 14:00:00,PASSENGER,MEDIUM
MV_TRN_17_SEC4_1,TRN_17,SEC4,2026-09-08,2026-09-08 14:46:00,2026-09-08 15:37:00,EXPRESS,HIGH
MV_TRN_18_SEC1_1,TRN_18,SEC1,2026-09-08,2026-09-08 15:31:00,2026-09-08 15:55:00,PASSENGER,MEDIUM
MV_TRN_19_SEC4_1,TRN_19,SEC4,2026-09-08,2026-09-08 07:56:00,2026-09-08 08:32:00,PASSENGER,MEDIUM
MV_TRN_20_SEC4_1,TRN_20,SEC4,2026-09-08,2026-09-08 08:17:00,2026-09-08 08:40:00,FREIGHT,LOW
MV_TRN_21_SEC4_1,TRN_21,SEC4,2026-09-08,2026-09-08 17:12:00,2026-09-08 18:00:00,FREIGHT,LOW
MV_TRN_22_SEC4_1,TRN_22,SEC4,2026-09-08,2026-09-08 03:18:00,2026-09-08 03:59:00,FREIGHT,LOW
MV_TRN_23_SEC4_1,TRN_23,SEC4,2026-09-08,2026-09-08 03:02:00,2026-09-08 03:25:00,PASSENGER,MEDIUM
MV_TRN_24_SEC1_1,TRN_24,SEC1,2026-09-08,2026-09-08 13:02:00,2026-09-08 13:18:00,FREIGHT,LOW
MV_TRN_25_SEC3_1,TRN_25,SEC3,2026-09-08,2026-09-08 01:54:00,2026-09-08 02:42:00,PASSENGER,MEDIUM
MV_TRN_26_SEC4_1,TRN_26,SEC4,2026-09-08,2026-09-08 02:29:00,2026-09-08 03:14:00,PASSENGER,MEDIUM
MV_TRN_27_SEC1_1,TRN_27,SEC1,2026-09-08,2026-09-08 18:30:00,2026-09-08 19:13:00,PASSENGER,MEDIUM
MV_TRN_28_SEC1_1,TRN_28,SEC1,2026-09-08,2026-09-08 21:53:00,2026-09-08 22:21:00,FREIGHT,LOW
MV_TRN_29_SEC1_1,TRN_29,SEC1,2026-09-08,2026-09-08 14:16:00,2026-09-08 14:50:00,FREIGHT,LOW
MV_TRN_30_SEC1_1,TRN_30,SEC1,2026-09-08,2026-09-08 01:13:00,2026-09-08 01:48:00,PASSENGER,MEDIUM
MV_TRN_31_SEC1_1,TRN_31,SEC1,2026-09-08,2026-09-08 15:29:00,2026-09-08 16:04:00,EXPRESS,HIGH
MV_TRN_32_SEC3_1,TRN_32,SEC3,2026-09-08,2026-09-08 03:44:00,2026-09-08 04:31:00,PASSENGER,MEDIUM
MV_TRN_33_SEC1_1,TRN_33,SEC1,2026-09-08,2026-09-08 19:48:00,2026-09-08 20:12:00,PASSENGER,MEDIUM
MV_TRN_34_SEC3_1,TRN_34,SEC3,2026-09-08,2026-09-08 01:15:00,2026-09-08 01:37:00,EXPRESS,HIGH
MV_TRN_35_SEC4_1,TRN_35,SEC4,2026-09-08,2026-09-08 08:40:00,2026-09-08 09:25:00,FREIGHT,LOW
MV_TRN_36_SEC4_1,TRN_36,SEC4,2026-09-08,2026-09-08 16:28:00,2026-09-08 17:08:00,EXPRESS,HIGH
MV_TRN_37_SEC4_1,TRN_37,SEC4,2026-09-08,2026-09-08 08:25:00,2026-09-08 08:48:00,PASSENGER,MEDIUM
MV_TRN_38_SEC4_1,TRN_38,SEC4,2026-09-08,2026-09-08 10:03:00,2026-09-08 10:46:00,PASSENGER,MEDIUM
MV_TRN_39_SEC1_1,TRN_39,SEC1,2026-09-08,2026-09-08 02:36:00,2026-09-08 03:11:00,EXPRESS,HIGH
MV_TRN_40_SEC4_1,TRN_40,SEC4,2026-09-08,2026-09-08 15:03:00,2026-09-08 15:32:00,EXPRESS,HIGH
MV_TRN_41_SEC2_1,TRN_41,SEC2,2026-09-08,2026-09-08 20:13:00,2026-09-08 20:30:00,EXPRESS,HIGH
MV_TRN_42_SEC2_1,TRN_42,SEC2,2026-09-08,2026-09-08 09:03:00,2026-09-08 09:59:00,EXPRESS,HIGH
MV_TRN_43_SEC2_1,TRN_43,SEC2,2026-09-08,2026-09-08 09:44:00,2026-09-08 10:42:00,EXPRESS,HIGH
MV_TRN_44_SEC2_1,TRN_44,SEC2,2026-09-08,2026-09-08 08:56:00,2026-09-08 09:29:00,FREIGHT,LOW
MV_TRN_45_SEC4_1,TRN_45,SEC4,2026-09-08,2026-09-08 14:54:00,2026-09-08 15:21:00,PASSENGER,MEDIUM
MV_TRN_46_SEC3_1,TRN_46,SEC3,2026-09-08,2026-09-08 18:08:00,2026-09-08 19:02:00,PASSENGER,MEDIUM
MV_TRN_47_SEC1_1,TRN_47,SEC1,2026-09-08,2026-09-08 07:09:00,2026-09-08 07:58:00,FREIGHT,LOW
MV_TRN_48_SEC4_1,TRN_48,SEC4,2026-09-08,2026-09-08 08:18:00,2026-09-08 08:43:00,FREIGHT,LOW
MV_TRN_49_SEC1_1,TRN_49,SEC1,2026-09-08,2026-09-08 10:47:00,2026-09-08 11:25:00,FREIGHT,LOW
MV_TRN_0_SEC2_2,TRN_0,SEC2,2026-09-09,2026-09-09 17:14:00,2026-09-09 18:13:00,FREIGHT,LOW
MV_TRN_1_SEC2_2,TRN_1,SEC2,2026-09-09,2026-09-09 11:50:00,2026-09-09 12:12:00,FREIGHT,LOW
MV_TRN_2_SEC1_2,TRN_2,SEC1,2026-09-09,2026-09-09 03:40:00,2026-09-09 04:11:00,PASSENGER,MEDIUM
MV_TRN_3_SEC4_2,TRN_3,SEC4,2026-09-09,2026-09-09 03:07:00,2026-09-09 03:48:00,EXPRESS,HIGH
MV_TRN_4_SEC4_2,TRN_4,SEC4,2026-09-09,2026-09-09 01:56:00,2026-09-09 02:37:00,PASSENGER,MEDIUM
MV_TRN_5_SEC3_2,TRN_5,SEC3,2026-09-09,2026-09-09 08:21:00,2026-09-09 08:45:00,FREIGHT,LOW
MV_TRN_6_SEC3_2,TRN_6,SEC3,2026-09-09,2026-09-09 03:11:00,2026-09-09 03:32:00,FREIGHT,LOW
MV_TRN_7_SEC3_2,TRN_7,SEC3,2026-09-09,2026-09-09 09:07:00,2026-09-09 09:59:00,PASSENGER,MEDIUM
MV_TRN_8_SEC1_2,TRN_8,SEC1,2026-09-09,2026-09-09 09:39:00,2026-09-09 10:15:00,EXPRESS,HIGH
MV_TRN_9_SEC3_2,TRN_9,SEC3,2026-09-09,2026-09-09 18:10:00,2026-09-09 18:49:00,FREIGHT,LOW
MV_TRN_10_SEC4_2,TRN_10,SEC4,2026-09-09,2026-09-09 18:52:00,2026-09-09 19:46:00,PASSENGER,MEDIUM
MV_TRN_11_SEC4_2,TRN_11,SEC4,2026-09-09,2026-09-09 22:25:00,2026-09-09 23:07:00,EXPRESS,HIGH
MV_TRN_12_SEC4_2,TRN_12,SEC4,2026-09-09,2026-09-09 17:02:00,2026-09-09 17:50:00,FREIGHT,LOW
MV_TRN_13_SEC3_2,TRN_13,SEC3,2026-09-09,2026-09-09 16:57:00,2026-09-09 17:37:00,FREIGHT,LOW
MV_TRN_14_SEC1_2,TRN_14,SEC1,2026-09-09,2026-09-09 06:14:00,2026-09-09 06:59:00,FREIGHT,LOW
MV_TRN_15_SEC1_2,TRN_15,SEC1,2026-09-09,2026-09-09 01:27:00,2026-09-09 02:10:00,EXPRESS,HIGH
MV_TRN_16_SEC1_2,TRN_16,SEC1,2026-09-09,2026-09-09 19:47:00,2026-09-09 20:23:00,PASSENGER,MEDIUM
MV_TRN_17_SEC4_2,TRN_17,SEC4,2026-09-09,2026-09-09 11:24:00,2026-09-09 11:42:00,EXPRESS,HIGH
MV_TRN_18_SEC2_2,TRN_18,SEC2,2026-09-09,2026-09-09 07:34:00,2026-09-09 08:03:00,PASSENGER,MEDIUM
MV_TRN_19_SEC3_2,TRN_19,SEC3,2026-09-09,2026-09-09 18:35:00,2026-09-09 19:34:00,EXPRESS,HIGH
MV_TRN_20_SEC3_2,TRN_20,SEC3,2026-09-09,2026-09-09 22:43:00,2026-09-09 23:19:00,PASSENGER,MEDIUM
MV_TRN_21_SEC3_2,TRN_21,SEC3,2026-09-09,2026-09-09 17:16:00,2026-09-09 17:36:00,PASSENGER,MEDIUM
MV_TRN_22_SEC4_2,TRN_22,SEC4,2026-09-09,2026-09-09 11:11:00,2026-09-09 12:10:00,PASSENGER,MEDIUM
MV_TRN_23_SEC2_2,TRN_23,SEC2,2026-09-09,2026-09-09 18:38:00,2026-09-09 18:53:00,PASSENGER,MEDIUM
MV_TRN_24_SEC2_2,TRN_24,SEC2,2026-09-09,2026-09-09 18:28:00,2026-09-09 19:08:00,EXPRESS,HIGH
MV_TRN_25_SEC1_2,TRN_25,SEC1,2026-09-09,2026-09-09 11:21:00,2026-09-09 12:09:00,FREIGHT,LOW
MV_TRN_26_SEC1_2,TRN_26,SEC1,2026-09-09,2026-09-09 12:13:00,2026-09-09 12:43:00,FREIGHT,LOW
MV_TRN_27_SEC2_2,TRN_27,SEC2,2026-09-09,2026-09-09 12:15:00,2026-09-09 12:59:00,EXPRESS,HIGH
MV_TRN_28_SEC3_2,TRN_28,SEC3,2026-09-09,2026-09-09 15:05:00,2026-09-09 15:38:00,EXPRESS,HIGH
MV_TRN_29_SEC2_2,TRN_29,SEC2,2026-09-09,2026-09-09 13:58:00,2026-09-09 14:18:00,FREIGHT,LOW
MV_TRN_30_SEC1_2,TRN_30,SEC1,2026-09-09,2026-09-09 17:17:00,2026-09-09 17:46:00,FREIGHT,LOW
MV_TRN_31_SEC3_2,TRN_31,SEC3,2026-09-09,2026-09-09 09:50:00,2026-09-09 10:37:00,PASSENGER,MEDIUM
MV_TRN_32_SEC3_2,TRN_32,SEC3,2026-09-09,2026-09-09 02:28:00,2026-09-09 03:07:00,PASSENGER,MEDIUM
MV_TRN_33_SEC4_2,TRN_33,SEC4,2026-09-09,2026-09-09 07:47:00,2026-09-09 08:44:00,PASSENGER,MEDIUM
MV_TRN_34_SEC3_2,TRN_34,SEC3,2026-09-09,2026-09-09 14:54:00,2026-09-09 15:46:00,FREIGHT,LOW
MV_TRN_35_SEC3_2,TRN_35,SEC3,2026-09-09,2026-09-09 17:50:00,2026-09-09 18:08:00,EXPRESS,HIGH
MV_TRN_36_SEC3_2,TRN_36,SEC3,2026-09-09,2026-09-09 15:41:00,2026-09-09 16:21:00,FREIGHT,LOW
MV_TRN_37_SEC2_2,TRN_37,SEC2,2026-09-09,2026-09-09 18:23:00,2026-09-09 19:16:00,FREIGHT,LOW
MV_TRN_38_SEC2_2,TRN_38,SEC2,2026-09-09,2026-09-09 20:43:00,2026-09-09 21:16:00,EXPRESS,HIGH
MV_TRN_39_SEC3_2,TRN_39,SEC3,2026-09-09,2026-09-09 16:36:00,2026-09-09 17:32:00,PASSENGER,MEDIUM
MV_TRN_40_SEC2_2,TRN_40,SEC2,2026-09-09,2026-09-09 12:05:00,2026-09-09 12:27:00,PASSENGER,MEDIUM
MV_TRN_41_SEC3_2,TRN_41,SEC3,2026-09-09,2026-09-09 16:49:00,2026-09-09 17:45:00,PASSENGER,MEDIUM
MV_TRN_42_SEC3_2,TRN_42,SEC3,2026-09-09,2026-09-09 11:29:00,2026-09-09 12:21:00,EXPRESS,HIGH
MV_TRN_43_SEC1_2,TRN_43,SEC1,2026-09-09,2026-09-09 21:14:00,2026-09-09 22:12:00,PASSENGER,MEDIUM
MV_TRN_44_SEC4_2,TRN_44,SEC4,2026-09-09,2026-09-09 00:49:00,2026-09-09 01:39:00,EXPRESS,HIGH
MV_TRN_45_SEC2_2,TRN_45,SEC2,2026-09-09,2026-09-09 07:45:00,2026-09-09 08:05:00,EXPRESS,HIGH
MV_TRN_46_SEC1_2,TRN_46,SEC1,2026-09-09,2026-09-09 18:24:00,2026-09-09 19:07:00,EXPRESS,HIGH
MV_TRN_47_SEC3_2,TRN_47,SEC3,2026-09-09,2026-09-09 12:38:00,2026-09-09 13:24:00,PASSENGER,MEDIUM
MV_TRN_48_SEC2_2,TRN_48,SEC2,2026-09-09,2026-09-09 20:17:00,2026-09-09 20:49:00,PASSENGER,MEDIUM
MV_TRN_49_SEC2_2,TRN_49,SEC2,2026-09-09,2026-09-09 02:50:00,2026-09-09 03:18:00,PASSENGER,MEDIUM
MV_TRN_0_SEC2_3,TRN_0,SEC2,2026-09-10,2026-09-10 12:37:00,2026-09-10 13:16:00,PASSENGER,MEDIUM
MV_TRN_1_SEC3_3,TRN_1,SEC3,2026-09-10,2026-09-10 21:50:00,2026-09-10 22:13:00,FREIGHT,LOW
MV_TRN_2_SEC2_3,TRN_2,SEC2,2026-09-10,2026-09-10 08:24:00,2026-09-10 09:06:00,FREIGHT,LOW
MV_TRN_3_SEC1_3,TRN_3,SEC1,2026-09-10,2026-09-10 10:56:00,2026-09-10 11:28:00,EXPRESS,HIGH
MV_TRN_4_SEC4_3,TRN_4,SEC4,2026-09-10,2026-09-10 01:45:00,2026-09-10 02:41:00,PASSENGER,MEDIUM
MV_TRN_5_SEC2_3,TRN_5,SEC2,2026-09-10,2026-09-10 10:30:00,2026-09-10 11:02:00,PASSENGER,MEDIUM
MV_TRN_6_SEC3_3,TRN_6,SEC3,2026-09-10,2026-09-10 03:07:00,2026-09-10 03:33:00,EXPRESS,HIGH
MV_TRN_7_SEC2_3,TRN_7,SEC2,2026-09-10,2026-09-10 14:19:00,2026-09-10 14:45:00,PASSENGER,MEDIUM
MV_TRN_8_SEC1_3,TRN_8,SEC1,2026-09-10,2026-09-10 12:28:00,2026-09-10 13:10:00,FREIGHT,LOW
MV_TRN_9_SEC3_3,TRN_9,SEC3,2026-09-10,2026-09-10 02:36:00,2026-09-10 03:14:00,EXPRESS,HIGH
MV_TRN_10_SEC4_3,TRN_10,SEC4,2026-09-10,2026-09-10 20:44:00,2026-09-10 21:33:00,EXPRESS,HIGH
MV_TRN_11_SEC1_3,TRN_11,SEC1,2026-09-10,2026-09-10 06:31:00,2026-09-10 07:13:00,PASSENGER,MEDIUM
MV_TRN_12_SEC1_3,TRN_12,SEC1,2026-09-10,2026-09-10 22:55:00,2026-09-10 23:43:00,EXPRESS,HIGH
MV_TRN_13_SEC2_3,TRN_13,SEC2,2026-09-10,2026-09-10 04:43:00,2026-09-10 05:04:00,PASSENGER,MEDIUM
MV_TRN_14_SEC3_3,TRN_14,SEC3,2026-09-10,2026-09-10 09:39:00,2026-09-10 10:11:00,PASSENGER,MEDIUM
MV_TRN_15_SEC2_3,TRN_15,SEC2,2026-09-10,2026-09-10 07:53:00,2026-09-10 08:19:00,PASSENGER,MEDIUM
MV_TRN_16_SEC3_3,TRN_16,SEC3,2026-09-10,2026-09-10 14:00:00,2026-09-10 14:43:00,FREIGHT,LOW
MV_TRN_17_SEC4_3,TRN_17,SEC4,2026-09-10,2026-09-10 18:08:00,2026-09-10 18:57:00,EXPRESS,HIGH
MV_TRN_18_SEC1_3,TRN_18,SEC1,2026-09-10,2026-09-10 17:55:00,2026-09-10 18:35:00,EXPRESS,HIGH
MV_TRN_19_SEC1_3,TRN_19,SEC1,2026-09-10,2026-09-10 16:37:00,2026-09-10 17:16:00,PASSENGER,MEDIUM
MV_TRN_20_SEC4_3,TRN_20,SEC4,2026-09-10,2026-09-10 15:08:00,2026-09-10 16:06:00,EXPRESS,HIGH
MV_TRN_21_SEC3_3,TRN_21,SEC3,2026-09-10,2026-09-10 08:48:00,2026-09-10 09:44:00,EXPRESS,HIGH
MV_TRN_22_SEC1_3,TRN_22,SEC1,2026-09-10,2026-09-10 12:12:00,2026-09-10 12:38:00,PASSENGER,MEDIUM
MV_TRN_23_SEC1_3,TRN_23,SEC1,2026-09-10,2026-09-10 22:56:00,2026-09-10 23:19:00,PASSENGER,MEDIUM
MV_TRN_24_SEC1_3,TRN_24,SEC1,2026-09-10,2026-09-10 00:13:00,2026-09-10 00:54:00,EXPRESS,HIGH
MV_TRN_25_SEC2_3,TRN_25,SEC2,2026-09-10,2026-09-10 20:21:00,2026-09-10 20:53:00,EXPRESS,HIGH
MV_TRN_26_SEC1_3,TRN_26,SEC1,2026-09-10,2026-09-10 01:17:00,2026-09-10 02:09:00,PASSENGER,MEDIUM
MV_TRN_27_SEC3_3,TRN_27,SEC3,2026-09-10,2026-09-10 13:34:00,2026-09-10 14:27:00,EXPRESS,HIGH
MV_TRN_28_SEC2_3,TRN_28,SEC2,2026-09-10,2026-09-10 15:48:00,2026-09-10 16:16:00,EXPRESS,HIGH
MV_TRN_29_SEC3_3,TRN_29,SEC3,2026-09-10,2026-09-10 19:05:00,2026-09-10 19:33:00,PASSENGER,MEDIUM
MV_TRN_30_SEC2_3,TRN_30,SEC2,2026-09-10,2026-09-10 08:29:00,2026-09-10 09:26:00,PASSENGER,MEDIUM
MV_TRN_31_SEC4_3,TRN_31,SEC4,2026-09-10,2026-09-10 02:14:00,2026-09-10 02:49:00,EXPRESS,HIGH
MV_TRN_32_SEC1_3,TRN_32,SEC1,2026-09-10,2026-09-10 10:16:00,2026-09-10 10:35:00,EXPRESS,HIGH
MV_TRN_33_SEC4_3,TRN_33,SEC4,2026-09-10,2026-09-10 13:50:00,2026-09-10 14:34:00,FREIGHT,LOW
MV_TRN_34_SEC2_3,TRN_34,SEC2,2026-09-10,2026-09-10 19:48:00,2026-09-10 20:28:00,EXPRESS,HIGH
MV_TRN_35_SEC1_3,TRN_35,SEC1,2026-09-10,2026-09-10 09:06:00,2026-09-10 09:36:00,FREIGHT,LOW
MV_TRN_36_SEC2_3,TRN_36,SEC2,2026-09-10,2026-09-10 22:53:00,2026-09-10 23:33:00,EXPRESS,HIGH
MV_TRN_37_SEC1_3,TRN_37,SEC1,2026-09-10,2026-09-10 07:26:00,2026-09-10 08:24:00,EXPRESS,HIGH
MV_TRN_38_SEC2_3,TRN_38,SEC2,2026-09-10,2026-09-10 21:38:00,2026-09-10 22:11:00,EXPRESS,HIGH
MV_TRN_39_SEC3_3,TRN_39,SEC3,2026-09-10,2026-09-10 04:46:00,2026-09-10 05:34:00,PASSENGER,MEDIUM
MV_TRN_40_SEC4_3,TRN_40,SEC4,2026-09-10,2026-09-10 01:28:00,2026-09-10 02:21:00,FREIGHT,LOW
MV_TRN_41_SEC2_3,TRN_41,SEC2,2026-09-10,2026-09-10 12:26:00,2026-09-10 13:06:00,EXPRESS,HIGH
MV_TRN_42_SEC4_3,TRN_42,SEC4,2026-09-10,2026-09-10 18:40:00,2026-09-10 19:07:00,EXPRESS,HIGH
MV_TRN_43_SEC4_3,TRN_43,SEC4,2026-09-10,2026-09-10 01:26:00,2026-09-10 01:44:00,PASSENGER,MEDIUM
MV_TRN_44_SEC1_3,TRN_44,SEC1,2026-09-10,2026-09-10 10:30:00,2026-09-10 11:22:00,EXPRESS,HIGH
MV_TRN_45_SEC3_3,TRN_45,SEC3,2026-09-10,2026-09-10 13:47:00,2026-09-10 14:38:00,PASSENGER,MEDIUM
MV_TRN_46_SEC4_3,TRN_46,SEC4,2026-09-10,2026-09-10 11:58:00,2026-09-10 12:49:00,EXPRESS,HIGH
MV_TRN_47_SEC1_3,TRN_47,SEC1,2026-09-10,2026-09-10 00:01:00,2026-09-10 00:52:00,PASSENGER,MEDIUM
MV_TRN_48_SEC2_3,TRN_48,SEC2,2026-09-10,2026-09-10 07:04:00,2026-09-10 07:31:00,EXPRESS,HIGH
MV_TRN_49_SEC2_3,TRN_49,SEC2,2026-09-10,2026-09-10 12:19:00,2026-09-10 12:41:00,EXPRESS,HIGH
MV_TRN_0_SEC1_4,TRN_0,SEC1,2026-09-11,2026-09-11 08:49:00,2026-09-11 09:40:00,FREIGHT,LOW
MV_TRN_1_SEC2_4,TRN_1,SEC2,2026-09-11,2026-09-11 01:20:00,2026-09-11 02:12:00,PASSENGER,MEDIUM
MV_TRN_2_SEC4_4,TRN_2,SEC4,2026-09-11,2026-09-11 01:27:00,2026-09-11 01:42:00,PASSENGER,MEDIUM
MV_TRN_3_SEC4_4,TRN_3,SEC4,2026-09-11,2026-09-11 15:38:00,2026-09-11 16:00:00,FREIGHT,LOW
MV_TRN_4_SEC3_4,TRN_4,SEC3,2026-09-11,2026-09-11 12:26:00,2026-09-11 13:19:00,PASSENGER,MEDIUM
MV_TRN_5_SEC1_4,TRN_5,SEC1,2026-09-11,2026-09-11 16:18:00,2026-09-11 16:41:00,FREIGHT,LOW
MV_TRN_6_SEC2_4,TRN_6,SEC2,2026-09-11,2026-09-11 17:18:00,2026-09-11 17:51:00,PASSENGER,MEDIUM
MV_TRN_7_SEC2_4,TRN_7,SEC2,2026-09-11,2026-09-11 14:31:00,2026-09-11 15:13:00,EXPRESS,HIGH
MV_TRN_8_SEC3_4,TRN_8,SEC3,2026-09-11,2026-09-11 16:39:00,2026-09-11 17:15:00,FREIGHT,LOW
MV_TRN_9_SEC3_4,TRN_9,SEC3,2026-09-11,2026-09-11 03:44:00,2026-09-11 04:21:00,PASSENGER,MEDIUM
MV_TRN_10_SEC4_4,TRN_10,SEC4,2026-09-11,2026-09-11 02:55:00,2026-09-11 03:24:00,EXPRESS,HIGH
MV_TRN_11_SEC3_4,TRN_11,SEC3,2026-09-11,2026-09-11 19:55:00,2026-09-11 20:43:00,EXPRESS,HIGH
MV_TRN_12_SEC1_4,TRN_12,SEC1,2026-09-11,2026-09-11 11:34:00,2026-09-11 12:22:00,PASSENGER,MEDIUM
MV_TRN_13_SEC1_4,TRN_13,SEC1,2026-09-11,2026-09-11 00:03:00,2026-09-11 00:43:00,FREIGHT,LOW
MV_TRN_14_SEC4_4,TRN_14,SEC4,2026-09-11,2026-09-11 06:19:00,2026-09-11 06:55:00,EXPRESS,HIGH
MV_TRN_15_SEC1_4,TRN_15,SEC1,2026-09-11,2026-09-11 05:53:00,2026-09-11 06:52:00,EXPRESS,HIGH
MV_TRN_16_SEC2_4,TRN_16,SEC2,2026-09-11,2026-09-11 07:12:00,2026-09-11 07:30:00,EXPRESS,HIGH
MV_TRN_17_SEC4_4,TRN_17,SEC4,2026-09-11,2026-09-11 13:36:00,2026-09-11 13:58:00,EXPRESS,HIGH
MV_TRN_18_SEC1_4,TRN_18,SEC1,2026-09-11,2026-09-11 09:09:00,2026-09-11 10:08:00,FREIGHT,LOW
MV_TRN_19_SEC3_4,TRN_19,SEC3,2026-09-11,2026-09-11 20:31:00,2026-09-11 21:27:00,PASSENGER,MEDIUM
MV_TRN_20_SEC3_4,TRN_20,SEC3,2026-09-11,2026-09-11 02:35:00,2026-09-11 03:24:00,EXPRESS,HIGH
MV_TRN_21_SEC3_4,TRN_21,SEC3,2026-09-11,2026-09-11 03:13:00,2026-09-11 03:42:00,PASSENGER,MEDIUM
MV_TRN_22_SEC2_4,TRN_22,SEC2,2026-09-11,2026-09-11 06:22:00,2026-09-11 07:18:00,EXPRESS,HIGH
MV_TRN_23_SEC3_4,TRN_23,SEC3,2026-09-11,2026-09-11 11:39:00,2026-09-11 12:31:00,EXPRESS,HIGH
MV_TRN_24_SEC3_4,TRN_24,SEC3,2026-09-11,2026-09-11 04:11:00,2026-09-11 05:01:00,FREIGHT,LOW
MV_TRN_25_SEC3_4,TRN_25,SEC3,2026-09-11,2026-09-11 19:27:00,2026-09-11 19:42:00,PASSENGER,MEDIUM
MV_TRN_26_SEC2_4,TRN_26,SEC2,2026-09-11,2026-09-11 04:24:00,2026-09-11 04:40:00,PASSENGER,MEDIUM
MV_TRN_27_SEC2_4,TRN_27,SEC2,2026-09-11,2026-09-11 11:33:00,2026-09-11 11:58:00,FREIGHT,LOW
MV_TRN_28_SEC1_4,TRN_28,SEC1,2026-09-11,2026-09-11 10:44:00,2026-09-11 11:20:00,EXPRESS,HIGH
MV_TRN_29_SEC1_4,TRN_29,SEC1,2026-09-11,2026-09-11 09:55:00,2026-09-11 10:17:00,EXPRESS,HIGH
MV_TRN_30_SEC3_4,TRN_30,SEC3,2026-09-11,2026-09-11 00:55:00,2026-09-11 01:52:00,PASSENGER,MEDIUM
MV_TRN_31_SEC3_4,TRN_31,SEC3,2026-09-11,2026-09-11 08:44:00,2026-09-11 09:19:00,EXPRESS,HIGH
MV_TRN_32_SEC3_4,TRN_32,SEC3,2026-09-11,2026-09-11 12:25:00,2026-09-11 13:22:00,EXPRESS,HIGH
MV_TRN_33_SEC4_4,TRN_33,SEC4,2026-09-11,2026-09-11 20:07:00,2026-09-11 20:29:00,FREIGHT,LOW
MV_TRN_34_SEC3_4,TRN_34,SEC3,2026-09-11,2026-09-11 19:52:00,2026-09-11 20:31:00,PASSENGER,MEDIUM
MV_TRN_35_SEC2_4,TRN_35,SEC2,2026-09-11,2026-09-11 15:07:00,2026-09-11 15:49:00,PASSENGER,MEDIUM
MV_TRN_36_SEC4_4,TRN_36,SEC4,2026-09-11,2026-09-11 08:13:00,2026-09-11 08:59:00,PASSENGER,MEDIUM
MV_TRN_37_SEC4_4,TRN_37,SEC4,2026-09-11,2026-09-11 13:39:00,2026-09-11 14:26:00,PASSENGER,MEDIUM
MV_TRN_38_SEC2_4,TRN_38,SEC2,2026-09-11,2026-09-11 18:48:00,2026-09-11 19:22:00,FREIGHT,LOW
MV_TRN_39_SEC1_4,TRN_39,SEC1,2026-09-11,2026-09-11 08:09:00,2026-09-11 08:49:00,FREIGHT,LOW
MV_TRN_40_SEC4_4,TRN_40,SEC4,2026-09-11,2026-09-11 13:06:00,2026-09-11 13:57:00,EXPRESS,HIGH
MV_TRN_41_SEC4_4,TRN_41,SEC4,2026-09-11,2026-09-11 17:09:00,2026-09-11 17:37:00,FREIGHT,LOW
MV_TRN_42_SEC2_4,TRN_42,SEC2,2026-09-11,2026-09-11 20:44:00,2026-09-11 21:22:00,PASSENGER,MEDIUM
MV_TRN_43_SEC4_4,TRN_43,SEC4,2026-09-11,2026-09-11 03:16:00,2026-09-11 04:14:00,PASSENGER,MEDIUM
MV_TRN_44_SEC2_4,TRN_44,SEC2,2026-09-11,2026-09-11 00:45:00,2026-09-11 01:26:00,PASSENGER,MEDIUM
MV_TRN_45_SEC2_4,TRN_45,SEC2,2026-09-11,2026-09-11 02:00:00,2026-09-11 02:36:00,EXPRESS,HIGH
MV_TRN_46_SEC1_4,TRN_46,SEC1,2026-09-11,2026-09-11 09:35:00,2026-09-11 09:59:00,PASSENGER,MEDIUM
MV_TRN_47_SEC1_4,TRN_47,SEC1,2026-09-11,2026-09-11 10:43:00,2026-09-11 11:22:00,PASSENGER,MEDIUM
MV_TRN_48_SEC4_4,TRN_48,SEC4,2026-09-11,2026-09-11 13:00:00,2026-09-11 13:53:00,FREIGHT,LOW
MV_TRN_49_SEC3_4,TRN_49,SEC3,2026-09-11,2026-09-11 03:42:00,2026-09-11 04:12:00,PASSENGER,MEDIUM
MV_TRN_0_SEC2_5,TRN_0,SEC2,2026-09-12,2026-09-12 10:34:00,2026-09-12 11:10:00,EXPRESS,HIGH
MV_TRN_1_SEC1_5,TRN_1,SEC1,2026-09-12,2026-09-12 17:41:00,2026-09-12 18:25:00,FREIGHT,LOW
MV_TRN_2_SEC2_5,TRN_2,SEC2,2026-09-12,2026-09-12 03:06:00,2026-09-12 03:41:00,EXPRESS,HIGH
MV_TRN_3_SEC3_5,TRN_3,SEC3,2026-09-12,2026-09-12 11:35:00,2026-09-12 12:09:00,PASSENGER,MEDIUM
MV_TRN_4_SEC4_5,TRN_4,SEC4,2026-09-12,2026-09-12 09:20:00,2026-09-12 09:42:00,PASSENGER,MEDIUM
MV_TRN_5_SEC2_5,TRN_5,SEC2,2026-09-12,2026-09-12 20:34:00,2026-09-12 20:56:00,EXPRESS,HIGH
MV_TRN_6_SEC1_5,TRN_6,SEC1,2026-09-12,2026-09-12 00:38:00,2026-09-12 01:06:00,FREIGHT,LOW
MV_TRN_7_SEC1_5,TRN_7,SEC1,2026-09-12,2026-09-12 13:50:00,2026-09-12 14:34:00,PASSENGER,MEDIUM
MV_TRN_8_SEC2_5,TRN_8,SEC2,2026-09-12,2026-09-12 06:42:00,2026-09-12 07:11:00,EXPRESS,HIGH
MV_TRN_9_SEC4_5,TRN_9,SEC4,2026-09-12,2026-09-12 20:12:00,2026-09-12 20:38:00,EXPRESS,HIGH
MV_TRN_10_SEC4_5,TRN_10,SEC4,2026-09-12,2026-09-12 14:45:00,2026-09-12 15:42:00,PASSENGER,MEDIUM
MV_TRN_11_SEC4_5,TRN_11,SEC4,2026-09-12,2026-09-12 15:42:00,2026-09-12 16:31:00,EXPRESS,HIGH
MV_TRN_12_SEC4_5,TRN_12,SEC4,2026-09-12,2026-09-12 10:12:00,2026-09-12 11:01:00,PASSENGER,MEDIUM
MV_TRN_13_SEC3_5,TRN_13,SEC3,2026-09-12,2026-09-12 08:52:00,2026-09-12 09:40:00,EXPRESS,HIGH
MV_TRN_14_SEC4_5,TRN_14,SEC4,2026-09-12,2026-09-12 17:44:00,2026-09-12 18:34:00,EXPRESS,HIGH
MV_TRN_15_SEC3_5,TRN_15,SEC3,2026-09-12,2026-09-12 15:21:00,2026-09-12 15:37:00,PASSENGER,MEDIUM
MV_TRN_16_SEC2_5,TRN_16,SEC2,2026-09-12,2026-09-12 15:11:00,2026-09-12 15:54:00,PASSENGER,MEDIUM
MV_TRN_17_SEC2_5,TRN_17,SEC2,2026-09-12,2026-09-12 21:28:00,2026-09-12 21:46:00,EXPRESS,HIGH
MV_TRN_18_SEC4_5,TRN_18,SEC4,2026-09-12,2026-09-12 03:49:00,2026-09-12 04:14:00,EXPRESS,HIGH
MV_TRN_19_SEC2_5,TRN_19,SEC2,2026-09-12,2026-09-12 07:06:00,2026-09-12 07:55:00,FREIGHT,LOW
MV_TRN_20_SEC1_5,TRN_20,SEC1,2026-09-12,2026-09-12 12:26:00,2026-09-12 12:52:00,EXPRESS,HIGH
MV_TRN_21_SEC1_5,TRN_21,SEC1,2026-09-12,2026-09-12 18:06:00,2026-09-12 18:52:00,EXPRESS,HIGH
MV_TRN_22_SEC2_5,TRN_22,SEC2,2026-09-12,2026-09-12 04:18:00,2026-09-12 04:52:00,FREIGHT,LOW
MV_TRN_23_SEC4_5,TRN_23,SEC4,2026-09-12,2026-09-12 11:17:00,2026-09-12 11:46:00,FREIGHT,LOW
MV_TRN_24_SEC1_5,TRN_24,SEC1,2026-09-12,2026-09-12 03:12:00,2026-09-12 03:38:00,FREIGHT,LOW
MV_TRN_25_SEC3_5,TRN_25,SEC3,2026-09-12,2026-09-12 16:26:00,2026-09-12 17:05:00,FREIGHT,LOW
MV_TRN_26_SEC4_5,TRN_26,SEC4,2026-09-12,2026-09-12 09:35:00,2026-09-12 10:10:00,FREIGHT,LOW
MV_TRN_27_SEC2_5,TRN_27,SEC2,2026-09-12,2026-09-12 02:13:00,2026-09-12 03:11:00,PASSENGER,MEDIUM
MV_TRN_28_SEC2_5,TRN_28,SEC2,2026-09-12,2026-09-12 13:11:00,2026-09-12 13:37:00,EXPRESS,HIGH
MV_TRN_29_SEC3_5,TRN_29,SEC3,2026-09-12,2026-09-12 11:02:00,2026-09-12 11:30:00,EXPRESS,HIGH
MV_TRN_30_SEC2_5,TRN_30,SEC2,2026-09-12,2026-09-12 13:47:00,2026-09-12 14:09:00,EXPRESS,HIGH
MV_TRN_31_SEC3_5,TRN_31,SEC3,2026-09-12,2026-09-12 16:56:00,2026-09-12 17:38:00,EXPRESS,HIGH
MV_TRN_32_SEC2_5,TRN_32,SEC2,2026-09-12,2026-09-12 19:01:00,2026-09-12 19:19:00,FREIGHT,LOW
MV_TRN_33_SEC4_5,TRN_33,SEC4,2026-09-12,2026-09-12 05:21:00,2026-09-12 06:16:00,PASSENGER,MEDIUM
MV_TRN_34_SEC1_5,TRN_34,SEC1,2026-09-12,2026-09-12 06:00:00,2026-09-12 06:20:00,PASSENGER,MEDIUM
MV_TRN_35_SEC4_5,TRN_35,SEC4,2026-09-12,2026-09-12 01:09:00,2026-09-12 01:50:00,FREIGHT,LOW
MV_TRN_36_SEC2_5,TRN_36,SEC2,2026-09-12,2026-09-12 12:56:00,2026-09-12 13:50:00,PASSENGER,MEDIUM
MV_TRN_37_SEC4_5,TRN_37,SEC4,2026-09-12,2026-09-12 20:47:00,2026-09-12 21:30:00,EXPRESS,HIGH
MV_TRN_38_SEC1_5,TRN_38,SEC1,2026-09-12,2026-09-12 12:17:00,2026-09-12 12:50:00,PASSENGER,MEDIUM
MV_TRN_39_SEC3_5,TRN_39,SEC3,2026-09-12,2026-09-12 13:06:00,2026-09-12 14:02:00,PASSENGER,MEDIUM
MV_TRN_40_SEC4_5,TRN_40,SEC4,2026-09-12,2026-09-12 15:03:00,2026-09-12 15:25:00,PASSENGER,MEDIUM
MV_TRN_41_SEC3_5,TRN_41,SEC3,2026-09-12,2026-09-12 05:01:00,2026-09-12 05:24:00,PASSENGER,MEDIUM
MV_TRN_42_SEC4_5,TRN_42,SEC4,2026-09-12,2026-09-12 14:04:00,2026-09-12 14:34:00,FREIGHT,LOW
MV_TRN_43_SEC4_5,TRN_43,SEC4,2026-09-12,2026-09-12 01:33:00,2026-09-12 02:08:00,PASSENGER,MEDIUM
MV_TRN_44_SEC1_5,TRN_44,SEC1,2026-09-12,2026-09-12 03:31:00,2026-09-12 04:00:00,EXPRESS,HIGH
MV_TRN_45_SEC1_5,TRN_45,SEC1,2026-09-12,2026-09-12 11:04:00,2026-09-12 11:52:00,EXPRESS,HIGH
MV_TRN_46_SEC2_5,TRN_46,SEC2,2026-09-12,2026-09-12 18:18:00,2026-09-12 18:50:00,FREIGHT,LOW
MV_TRN_47_SEC2_5,TRN_47,SEC2,2026-09-12,2026-09-12 14:35:00,2026-09-12 15:01:00,FREIGHT,LOW
MV_TRN_48_SEC4_5,TRN_48,SEC4,2026-09-12,2026-09-12 11:19:00,2026-09-12 11:44:00,FREIGHT,LOW
MV_TRN_49_SEC4_5,TRN_49,SEC4,2026-09-12,2026-09-12 14:39:00,2026-09-12 15:10:00,EXPRESS,HIGH
MV_TRN_0_SEC4_6,TRN_0,SEC4,2026-09-13,2026-09-13 08:16:00,2026-09-13 08:52:00,EXPRESS,HIGH
MV_TRN_1_SEC2_6,TRN_1,SEC2,2026-09-13,2026-09-13 17:49:00,2026-09-13 18:30:00,EXPRESS,HIGH
MV_TRN_2_SEC1_6,TRN_2,SEC1,2026-09-13,2026-09-13 11:19:00,2026-09-13 12:04:00,EXPRESS,HIGH
MV_TRN_3_SEC3_6,TRN_3,SEC3,2026-09-13,2026-09-13 05:00:00,2026-09-13 05:24:00,PASSENGER,MEDIUM
MV_TRN_4_SEC3_6,TRN_4,SEC3,2026-09-13,2026-09-13 08:14:00,2026-09-13 08:47:00,FREIGHT,LOW
MV_TRN_5_SEC2_6,TRN_5,SEC2,2026-09-13,2026-09-13 01:28:00,2026-09-13 02:18:00,PASSENGER,MEDIUM
MV_TRN_6_SEC1_6,TRN_6,SEC1,2026-09-13,2026-09-13 19:48:00,2026-09-13 20:10:00,EXPRESS,HIGH
MV_TRN_7_SEC2_6,TRN_7,SEC2,2026-09-13,2026-09-13 06:28:00,2026-09-13 06:46:00,PASSENGER,MEDIUM
MV_TRN_8_SEC4_6,TRN_8,SEC4,2026-09-13,2026-09-13 10:45:00,2026-09-13 11:22:00,PASSENGER,MEDIUM
MV_TRN_9_SEC4_6,TRN_9,SEC4,2026-09-13,2026-09-13 12:36:00,2026-09-13 13:32:00,PASSENGER,MEDIUM
MV_TRN_10_SEC2_6,TRN_10,SEC2,2026-09-13,2026-09-13 05:22:00,2026-09-13 05:39:00,EXPRESS,HIGH
MV_TRN_11_SEC1_6,TRN_11,SEC1,2026-09-13,2026-09-13 16:24:00,2026-09-13 16:42:00,FREIGHT,LOW
MV_TRN_12_SEC3_6,TRN_12,SEC3,2026-09-13,2026-09-13 00:48:00,2026-09-13 01:27:00,PASSENGER,MEDIUM
MV_TRN_13_SEC2_6,TRN_13,SEC2,2026-09-13,2026-09-13 07:51:00,2026-09-13 08:27:00,EXPRESS,HIGH
MV_TRN_14_SEC3_6,TRN_14,SEC3,2026-09-13,2026-09-13 16:55:00,2026-09-13 17:41:00,EXPRESS,HIGH
MV_TRN_15_SEC3_6,TRN_15,SEC3,2026-09-13,2026-09-13 19:56:00,2026-09-13 20:47:00,PASSENGER,MEDIUM
MV_TRN_16_SEC4_6,TRN_16,SEC4,2026-09-13,2026-09-13 16:24:00,2026-09-13 16:59:00,PASSENGER,MEDIUM
MV_TRN_17_SEC4_6,TRN_17,SEC4,2026-09-13,2026-09-13 09:07:00,2026-09-13 09:35:00,EXPRESS,HIGH
MV_TRN_18_SEC1_6,TRN_18,SEC1,2026-09-13,2026-09-13 22:31:00,2026-09-13 23:10:00,FREIGHT,LOW
MV_TRN_19_SEC1_6,TRN_19,SEC1,2026-09-13,2026-09-13 01:58:00,2026-09-13 02:45:00,EXPRESS,HIGH
MV_TRN_20_SEC1_6,TRN_20,SEC1,2026-09-13,2026-09-13 10:39:00,2026-09-13 11:15:00,FREIGHT,LOW
MV_TRN_21_SEC2_6,TRN_21,SEC2,2026-09-13,2026-09-13 05:37:00,2026-09-13 06:27:00,PASSENGER,MEDIUM
MV_TRN_22_SEC3_6,TRN_22,SEC3,2026-09-13,2026-09-13 11:41:00,2026-09-13 12:33:00,FREIGHT,LOW
MV_TRN_23_SEC2_6,TRN_23,SEC2,2026-09-13,2026-09-13 11:28:00,2026-09-13 12:02:00,PASSENGER,MEDIUM
MV_TRN_24_SEC3_6,TRN_24,SEC3,2026-09-13,2026-09-13 20:00:00,2026-09-13 20:45:00,EXPRESS,HIGH
MV_TRN_25_SEC1_6,TRN_25,SEC1,2026-09-13,2026-09-13 11:32:00,2026-09-13 11:57:00,FREIGHT,LOW
MV_TRN_26_SEC1_6,TRN_26,SEC1,2026-09-13,2026-09-13 12:01:00,2026-09-13 12:57:00,EXPRESS,HIGH
MV_TRN_27_SEC2_6,TRN_27,SEC2,2026-09-13,2026-09-13 21:14:00,2026-09-13 22:04:00,EXPRESS,HIGH
MV_TRN_28_SEC2_6,TRN_28,SEC2,2026-09-13,2026-09-13 01:09:00,2026-09-13 02:04:00,PASSENGER,MEDIUM
MV_TRN_29_SEC3_6,TRN_29,SEC3,2026-09-13,2026-09-13 07:55:00,2026-09-13 08:22:00,EXPRESS,HIGH
MV_TRN_30_SEC1_6,TRN_30,SEC1,2026-09-13,2026-09-13 04:25:00,2026-09-13 05:23:00,PASSENGER,MEDIUM
MV_TRN_31_SEC1_6,TRN_31,SEC1,2026-09-13,2026-09-13 08:09:00,2026-09-13 09:03:00,PASSENGER,MEDIUM
MV_TRN_32_SEC1_6,TRN_32,SEC1,2026-09-13,2026-09-13 05:50:00,2026-09-13 06:05:00,PASSENGER,MEDIUM
MV_TRN_33_SEC3_6,TRN_33,SEC3,2026-09-13,2026-09-13 16:38:00,2026-09-13 17:34:00,FREIGHT,LOW
MV_TRN_34_SEC2_6,TRN_34,SEC2,2026-09-13,2026-09-13 00:35:00,2026-09-13 00:52:00,PASSENGER,MEDIUM
MV_TRN_35_SEC3_6,TRN_35,SEC3,2026-09-13,2026-09-13 05:21:00,2026-09-13 06:08:00,PASSENGER,MEDIUM
MV_TRN_36_SEC1_6,TRN_36,SEC1,2026-09-13,2026-09-13 19:44:00,2026-09-13 20:17:00,PASSENGER,MEDIUM
MV_TRN_37_SEC1_6,TRN_37,SEC1,2026-09-13,2026-09-13 20:22:00,2026-09-13 21:13:00,FREIGHT,LOW
MV_TRN_38_SEC1_6,TRN_38,SEC1,2026-09-13,2026-09-13 03:57:00,2026-09-13 04:39:00,FREIGHT,LOW
MV_TRN_39_SEC3_6,TRN_39,SEC3,2026-09-13,2026-09-13 01:38:00,2026-09-13 02:30:00,EXPRESS,HIGH
MV_TRN_40_SEC3_6,TRN_40,SEC3,2026-09-13,2026-09-13 22:56:00,2026-09-13 23:38:00,EXPRESS,HIGH
MV_TRN_41_SEC2_6,TRN_41,SEC2,2026-09-13,2026-09-13 19:44:00,2026-09-13 20:24:00,PASSENGER,MEDIUM
MV_TRN_42_SEC2_6,TRN_42,SEC2,2026-09-13,2026-09-13 11:54:00,2026-09-13 12:10:00,PASSENGER,MEDIUM
MV_TRN_43_SEC4_6,TRN_43,SEC4,2026-09-13,2026-09-13 03:00:00,2026-09-13 03:55:00,EXPRESS,HIGH
MV_TRN_44_SEC4_6,TRN_44,SEC4,2026-09-13,2026-09-13 10:35:00,2026-09-13 11:04:00,PASSENGER,MEDIUM
MV_TRN_45_SEC4_6,TRN_45,SEC4,2026-09-13,2026-09-13 06:11:00,2026-09-13 06:44:00,PASSENGER,MEDIUM
MV_TRN_46_SEC4_6,TRN_46,SEC4,2026-09-13,2026-09-13 02:46:00,2026-09-13 03:14:00,FREIGHT,LOW
MV_TRN_47_SEC4_6,TRN_47,SEC4,2026-09-13,2026-09-13 07:45:00,2026-09-13 08:23:00,EXPRESS,HIGH
MV_TRN_48_SEC3_6,TRN_48,SEC3,2026-09-13,2026-09-13 12:40:00,2026-09-13 13:19:00,FREIGHT,LOW
MV_TRN_49_SEC2_6,TRN_49,SEC2,2026-09-13,2026-09-13 08:50:00,2026-09-13 09:19:00,FREIGHT,LOW
