forecast_date,corridor_id,zone,density_tier,predicted_goods_trains,lower_bound,upper_bound,forecast_horizon_days,data_source
2026-09-01,CORR001,CR,Low,9,5,11,1,Synthetic demonstration data
2026-09-02,CORR001,CR,Low,8,6,12,2,Synthetic demonstration data
2026-09-03,CORR001,CR,Low,7,3,9,3,Synthetic demonstration data
2026-09-04,CORR001,CR,Low,8,4,11,4,Synthetic demonstration data
2026-09-05,CORR001,CR,Low,7,4,10,5,Synthetic demonstration data
2026-09-06,CORR001,CR,Low,7,4,9,6,Synthetic demonstration data
2026-09-07,CORR001,CR,Low,11,9,13,7,Synthetic demonstration data
2026-09-08,CORR001,CR,Low,11,9,15,8,Synthetic demonstration data
2026-09-09,CORR001,CR,Low,7,3,10,9,Synthetic demonstration data
2026-09-10,CORR001,CR,Low,9,6,13,10,Synthetic demonstration data
2026-09-11,CORR001,CR,Low,5,3,9,11,Synthetic demonstration data
2026-09-12,CORR001,CR,Low,9,7,13,12,Synthetic demonstration data
2026-09-13,CORR001,CR,Low,6,3,8,13,Synthetic demonstration data
2026-09-14,CORR001,CR,Low,11,8,14,14,Synthetic demonstration data
2026-09-15,CORR001,CR,Low,7,4,11,15,Synthetic demonstration data
2026-09-16,CORR001,CR,Low,7,3,9,16,Synthetic demonstration data
2026-09-17,CORR001,CR,Low,7,5,10,17,Synthetic demonstration data
2026-09-18,CORR001,CR,Low,8,5,11,18,Synthetic demonstration data
2026-09-19,CORR001,CR,Low,11,8,13,19,Synthetic demonstration data
2026-09-20,CORR001,CR,Low,8,4,11,20,Synthetic demonstration data
2026-09-21,CORR001,CR,Low,8,4,11,21,Synthetic demonstration data
2026-09-22,CORR001,CR,Low,9,5,11,22,Synthetic demonstration data
2026-09-23,CORR001,CR,Low,8,5,10,23,Synthetic demonstration data
2026-09-24,CORR001,CR,Low,11,9,13,24,Synthetic demonstration data
2026-09-25,CORR001,CR,Low,6,4,10,25,Synthetic demonstration data
2026-09-26,CORR001,CR,Low,6,4,8,26,Synthetic demonstration data
2026-09-27,CORR001,CR,Low,8,4,12,27,Synthetic demonstration data
2026-09-28,CORR001,CR,Low,10,8,14,28,Synthetic demonstration data
2026-09-29,CORR001,CR,Low,8,6,12,29,Synthetic demonstration data
2026-09-30,CORR001,CR,Low,7,5,10,30,Synthetic demonstration data
2026-10-01,CORR001,CR,Low,8,5,10,31,Synthetic demonstration data
2026-10-02,CORR001,CR,Low,7,3,10,32,Synthetic demonstration data
2026-10-03,CORR001,CR,Low,7,5,11,33,Synthetic demonstration data
2026-10-04,CORR001,CR,Low,9,6,13,34,Synthetic demonstration data
2026-10-05,CORR001,CR,Low,9,5,12,35,Synthetic demonstration data
2026-10-06,CORR001,CR,Low,11,7,15,36,Synthetic demonstration data
2026-10-07,CORR001,CR,Low,4,1,6,37,Synthetic demonstration data
2026-10-08,CORR001,CR,Low,10,6,14,38,Synthetic demonstration data
2026-10-09,CORR001,CR,Low,8,6,11,39,Synthetic demonstration data
2026-10-10,CORR001,CR,Low,9,7,13,40,Synthetic demonstration data
2026-10-11,CORR001,CR,Low,8,6,10,41,Synthetic demonstration data
2026-10-12,CORR001,CR,Low,12,8,16,42,Synthetic demonstration data
2026-10-13,CORR001,CR,Low,9,6,11,43,Synthetic demonstration data
2026-10-14,CORR001,CR,Low,8,5,10,44,Synthetic demonstration data
2026-10-15,CORR001,CR,Low,7,4,10,45,Synthetic demonstration data
2026-10-16,CORR001,CR,Low,6,2,9,46,Synthetic demonstration data
2026-10-17,CORR001,CR,Low,6,3,8,47,Synthetic demonstration data
2026-10-18,CORR001,CR,Low,5,3,7,48,Synthetic demonstration data
2026-10-19,CORR001,CR,Low,5,2,9,49,Synthetic demonstration data
2026-10-20,CORR001,CR,Low,6,4,9,50,Synthetic demonstration data
2026-10-21,CORR001,CR,Low,7,3,11,51,Synthetic demonstration data
2026-10-22,CORR001,CR,Low,7,4,9,52,Synthetic demonstration data
2026-10-23,CORR001,CR,Low,6,3,9,53,Synthetic demonstration data
2026-10-24,CORR001,CR,Low,6,2,9,54,Synthetic demonstration data
2026-10-25,CORR001,CR,Low,5,3,9,55,Synthetic demonstration data
2026-10-26,CORR001,CR,Low,9,7,12,56,Synthetic demonstration data
2026-10-27,CORR001,CR,Low,7,5,9,57,Synthetic demonstration data
2026-10-28,CORR001,CR,Low,8,6,12,58,Synthetic demonstration data
2026-10-29,CORR001,CR,Low,9,6,12,59,Synthetic demonstration data
2026-10-30,CORR001,CR,Low,12,8,16,60,Synthetic demonstration data
2026-10-31,CORR001,CR,Low,6,2,9,61,Synthetic demonstration data
2026-11-01,CORR001,CR,Low,8,6,11,62,Synthetic demonstration data
2026-11-02,CORR001,CR,Low,10,8,12,63,Synthetic demonstration data
2026-11-03,CORR001,CR,Low,13,9,16,64,Synthetic demonstration data
2026-11-04,CORR001,CR,Low,10,6,14,65,Synthetic demonstration data
2026-11-05,CORR001,CR,Low,9,6,13,66,Synthetic demonstration data
2026-11-06,CORR001,CR,Low,8,4,10,67,Synthetic demonstration data
2026-11-07,CORR001,CR,Low,9,7,13,68,Synthetic demonstration data
2026-11-08,CORR001,CR,Low,5,1,9,69,Synthetic demonstration data
2026-11-09,CORR001,CR,Low,8,5,11,70,Synthetic demonstration data
2026-11-10,CORR001,CR,Low,10,7,12,71,Synthetic demonstration data
2026-11-11,CORR001,CR,Low,6,4,9,72,Synthetic demonstration data
2026-11-12,CORR001,CR,Low,10,6,12,73,Synthetic demonstration data
2026-11-13,CORR001,CR,Low,8,6,12,74,Synthetic demonstration data
2026-11-14,CORR001,CR,Low,8,5,10,75,Synthetic demonstration data
2026-11-15,CORR001,CR,Low,7,3,9,76,Synthetic demonstration data
2026-11-16,CORR001,CR,Low,8,6,11,77,Synthetic demonstration data
2026-11-17,CORR001,CR,Low,6,3,9,78,Synthetic demonstration data
2026-11-18,CORR001,CR,Low,2,0,4,79,Synthetic demonstration data
2026-11-19,CORR001,CR,Low,6,4,8,80,Synthetic demonstration data
2026-11-20,CORR001,CR,Low,5,1,9,81,Synthetic demonstration data
2026-11-21,CORR001,CR,Low,6,4,8,82,Synthetic demonstration data
2026-11-22,CORR001,CR,Low,7,4,11,83,Synthetic demonstration data
2026-11-23,CORR001,CR,Low,13,10,16,84,Synthetic demonstration data
2026-11-24,CORR001,CR,Low,8,4,11,85,Synthetic demonstration data
2026-11-25,CORR001,CR,Low,8,4,12,86,Synthetic demonstration data
2026-11-26,CORR001,CR,Low,8,4,10,87,Synthetic demonstration data
2026-11-27,CORR001,CR,Low,11,9,13,88,Synthetic demonstration data
2026-11-28,CORR001,CR,Low,12,10,14,89,Synthetic demonstration data
2026-11-29,CORR001,CR,Low,7,4,9,90,Synthetic demonstration data
2026-09-01,CORR002,ER,Medium,18,16,20,1,Synthetic demonstration data
2026-09-02,CORR002,ER,Medium,16,14,18,2,Synthetic demonstration data
2026-09-03,CORR002,ER,Medium,21,19,25,3,Synthetic demonstration data
2026-09-04,CORR002,ER,Medium,20,18,22,4,Synthetic demonstration data
2026-09-05,CORR002,ER,Medium,13,9,16,5,Synthetic demonstration data
2026-09-06,CORR002,ER,Medium,13,11,16,6,Synthetic demonstration data
2026-09-07,CORR002,ER,Medium,17,14,20,7,Synthetic demonstration data
2026-09-08,CORR002,ER,Medium,18,14,21,8,Synthetic demonstration data
2026-09-09,CORR002,ER,Medium,14,11,17,9,Synthetic demonstration data
2026-09-10,CORR002,ER,Medium,15,12,17,10,Synthetic demonstration data
2026-09-11,CORR002,ER,Medium,17,14,21,11,Synthetic demonstration data
2026-09-12,CORR002,ER,Medium,16,13,20,12,Synthetic demonstration data
2026-09-13,CORR002,ER,Medium,14,11,18,13,Synthetic demonstration data
2026-09-14,CORR002,ER,Medium,13,11,15,14,Synthetic demonstration data
2026-09-15,CORR002,ER,Medium,14,10,18,15,Synthetic demonstration data
2026-09-16,CORR002,ER,Medium,15,11,18,16,Synthetic demonstration data
2026-09-17,CORR002,ER,Medium,15,12,19,17,Synthetic demonstration data
2026-09-18,CORR002,ER,Medium,13,11,16,18,Synthetic demonstration data
2026-09-19,CORR002,ER,Medium,9,6,12,19,Synthetic demonstration data
2026-09-20,CORR002,ER,Medium,13,10,15,20,Synthetic demonstration data
2026-09-21,CORR002,ER,Medium,13,11,15,21,Synthetic demonstration data
2026-09-22,CORR002,ER,Medium,14,12,18,22,Synthetic demonstration data
2026-09-23,CORR002,ER,Medium,19,15,21,23,Synthetic demonstration data
2026-09-24,CORR002,ER,Medium,19,16,22,24,Synthetic demonstration data
2026-09-25,CORR002,ER,Medium,17,13,21,25,Synthetic demonstration data
2026-09-26,CORR002,ER,Medium,12,9,16,26,Synthetic demonstration data
2026-09-27,CORR002,ER,Medium,12,9,16,27,Synthetic demonstration data
2026-09-28,CORR002,ER,Medium,15,11,17,28,Synthetic demonstration data
2026-09-29,CORR002,ER,Medium,16,13,18,29,Synthetic demonstration data
2026-09-30,CORR002,ER,Medium,17,13,20,30,Synthetic demonstration data
2026-10-01,CORR002,ER,Medium,16,14,18,31,Synthetic demonstration data
2026-10-02,CORR002,ER,Medium,17,15,19,32,Synthetic demonstration data
2026-10-03,CORR002,ER,Medium,18,14,22,33,Synthetic demonstration data
2026-10-04,CORR002,ER,Medium,16,13,20,34,Synthetic demonstration data
2026-10-05,CORR002,ER,Medium,17,14,20,35,Synthetic demonstration data
2026-10-06,CORR002,ER,Medium,21,19,25,36,Synthetic demonstration data
2026-10-07,CORR002,ER,Medium,16,14,20,37,Synthetic demonstration data
2026-10-08,CORR002,ER,Medium,13,10,16,38,Synthetic demonstration data
2026-10-09,CORR002,ER,Medium,17,15,19,39,Synthetic demonstration data
2026-10-10,CORR002,ER,Medium,15,11,18,40,Synthetic demonstration data
2026-10-11,CORR002,ER,Medium,13,9,16,41,Synthetic demonstration data
2026-10-12,CORR002,ER,Medium,15,11,17,42,Synthetic demonstration data
2026-10-13,CORR002,ER,Medium,20,18,24,43,Synthetic demonstration data
2026-10-14,CORR002,ER,Medium,12,10,14,44,Synthetic demonstration data
2026-10-15,CORR002,ER,Medium,13,11,15,45,Synthetic demonstration data
2026-10-16,CORR002,ER,Medium,16,12,19,46,Synthetic demonstration data
2026-10-17,CORR002,ER,Medium,11,9,14,47,Synthetic demonstration data
2026-10-18,CORR002,ER,Medium,12,9,15,48,Synthetic demonstration data
2026-10-19,CORR002,ER,Medium,12,8,15,49,Synthetic demonstration data
2026-10-20,CORR002,ER,Medium,13,11,16,50,Synthetic demonstration data
2026-10-21,CORR002,ER,Medium,16,14,18,51,Synthetic demonstration data
2026-10-22,CORR002,ER,Medium,15,13,17,52,Synthetic demonstration data
2026-10-23,CORR002,ER,Medium,11,7,13,53,Synthetic demonstration data
2026-10-24,CORR002,ER,Medium,15,11,18,54,Synthetic demonstration data
2026-10-25,CORR002,ER,Medium,14,10,17,55,Synthetic demonstration data
2026-10-26,CORR002,ER,Medium,13,11,15,56,Synthetic demonstration data
2026-10-27,CORR002,ER,Medium,18,14,20,57,Synthetic demonstration data
2026-10-28,CORR002,ER,Medium,18,15,20,58,Synthetic demonstration data
2026-10-29,CORR002,ER,Medium,16,14,19,59,Synthetic demonstration data
2026-10-30,CORR002,ER,Medium,23,21,27,60,Synthetic demonstration data
2026-10-31,CORR002,ER,Medium,15,11,19,61,Synthetic demonstration data
2026-11-01,CORR002,ER,Medium,14,11,18,62,Synthetic demonstration data
2026-11-02,CORR002,ER,Medium,19,17,21,63,Synthetic demonstration data
2026-11-03,CORR002,ER,Medium,21,17,23,64,Synthetic demonstration data
2026-11-04,CORR002,ER,Medium,21,17,23,65,Synthetic demonstration data
2026-11-05,CORR002,ER,Medium,18,15,21,66,Synthetic demonstration data
2026-11-06,CORR002,ER,Medium,16,12,19,67,Synthetic demonstration data
2026-11-07,CORR002,ER,Medium,14,12,17,68,Synthetic demonstration data
2026-11-08,CORR002,ER,Medium,15,12,17,69,Synthetic demonstration data
2026-11-09,CORR002,ER,Medium,16,14,18,70,Synthetic demonstration data
2026-11-10,CORR002,ER,Medium,17,15,19,71,Synthetic demonstration data
2026-11-11,CORR002,ER,Medium,13,10,15,72,Synthetic demonstration data
2026-11-12,CORR002,ER,Medium,15,11,19,73,Synthetic demonstration data
2026-11-13,CORR002,ER,Medium,18,16,21,74,Synthetic demonstration data
2026-11-14,CORR002,ER,Medium,11,7,15,75,Synthetic demonstration data
2026-11-15,CORR002,ER,Medium,14,11,18,76,Synthetic demonstration data
2026-11-16,CORR002,ER,Medium,14,11,17,77,Synthetic demonstration data
2026-11-17,CORR002,ER,Medium,12,10,16,78,Synthetic demonstration data
2026-11-18,CORR002,ER,Medium,17,15,20,79,Synthetic demonstration data
2026-11-19,CORR002,ER,Medium,16,14,20,80,Synthetic demonstration data
2026-11-20,CORR002,ER,Medium,13,11,16,81,Synthetic demonstration data
2026-11-21,CORR002,ER,Medium,12,10,15,82,Synthetic demonstration data
2026-11-22,CORR002,ER,Medium,9,6,11,83,Synthetic demonstration data
2026-11-23,CORR002,ER,Medium,16,12,18,84,Synthetic demonstration data
2026-11-24,CORR002,ER,Medium,17,15,20,85,Synthetic demonstration data
2026-11-25,CORR002,ER,Medium,14,10,16,86,Synthetic demonstration data
2026-11-26,CORR002,ER,Medium,15,13,17,87,Synthetic demonstration data
2026-11-27,CORR002,ER,Medium,15,12,18,88,Synthetic demonstration data
2026-11-28,CORR002,ER,Medium,16,12,19,89,Synthetic demonstration data
2026-11-29,CORR002,ER,Medium,12,9,14,90,Synthetic demonstration data
2026-09-01,CORR003,ECR,High,26,23,29,1,Synthetic demonstration data
2026-09-02,CORR003,ECR,High,27,24,29,2,Synthetic demonstration data
2026-09-03,CORR003,ECR,High,29,27,31,3,Synthetic demonstration data
2026-09-04,CORR003,ECR,High,31,29,33,4,Synthetic demonstration data
2026-09-05,CORR003,ECR,High,23,21,27,5,Synthetic demonstration data
2026-09-06,CORR003,ECR,High,24,22,27,6,Synthetic demonstration data
2026-09-07,CORR003,ECR,High,26,24,29,7,Synthetic demonstration data
2026-09-08,CORR003,ECR,High,28,26,31,8,Synthetic demonstration data
2026-09-09,CORR003,ECR,High,24,21,28,9,Synthetic demonstration data
2026-09-10,CORR003,ECR,High,29,25,31,10,Synthetic demonstration data
2026-09-11,CORR003,ECR,High,26,22,30,11,Synthetic demonstration data
2026-09-12,CORR003,ECR,High,24,22,26,12,Synthetic demonstration data
2026-09-13,CORR003,ECR,High,21,19,23,13,Synthetic demonstration data
2026-09-14,CORR003,ECR,High,25,23,28,14,Synthetic demonstration data
2026-09-15,CORR003,ECR,High,24,21,26,15,Synthetic demonstration data
2026-09-16,CORR003,ECR,High,26,23,28,16,Synthetic demonstration data
2026-09-17,CORR003,ECR,High,24,21,26,17,Synthetic demonstration data
2026-09-18,CORR003,ECR,High,25,23,28,18,Synthetic demonstration data
2026-09-19,CORR003,ECR,High,18,15,21,19,Synthetic demonstration data
2026-09-20,CORR003,ECR,High,19,16,22,20,Synthetic demonstration data
2026-09-21,CORR003,ECR,High,24,22,27,21,Synthetic demonstration data
2026-09-22,CORR003,ECR,High,27,25,30,22,Synthetic demonstration data
2026-09-23,CORR003,ECR,High,24,20,28,23,Synthetic demonstration data
2026-09-24,CORR003,ECR,High,27,23,31,24,Synthetic demonstration data
2026-09-25,CORR003,ECR,High,26,22,30,25,Synthetic demonstration data
2026-09-26,CORR003,ECR,High,23,19,26,26,Synthetic demonstration data
2026-09-27,CORR003,ECR,High,22,19,25,27,Synthetic demonstration data
2026-09-28,CORR003,ECR,High,27,24,30,28,Synthetic demonstration data
2026-09-29,CORR003,ECR,High,25,22,27,29,Synthetic demonstration data
2026-09-30,CORR003,ECR,High,27,24,29,30,Synthetic demonstration data
2026-10-01,CORR003,ECR,High,27,23,30,31,Synthetic demonstration data
2026-10-02,CORR003,ECR,High,30,26,32,32,Synthetic demonstration data
2026-10-03,CORR003,ECR,High,23,21,26,33,Synthetic demonstration data
2026-10-04,CORR003,ECR,High,24,21,26,34,Synthetic demonstration data
2026-10-05,CORR003,ECR,High,26,22,30,35,Synthetic demonstration data
2026-10-06,CORR003,ECR,High,27,23,31,36,Synthetic demonstration data
2026-10-07,CORR003,ECR,High,26,24,30,37,Synthetic demonstration data
2026-10-08,CORR003,ECR,High,28,24,32,38,Synthetic demonstration data
2026-10-09,CORR003,ECR,High,25,22,29,39,Synthetic demonstration data
2026-10-10,CORR003,ECR,High,23,19,25,40,Synthetic demonstration data
2026-10-11,CORR003,ECR,High,21,19,24,41,Synthetic demonstration data
2026-10-12,CORR003,ECR,High,25,23,28,42,Synthetic demonstration data
2026-10-13,CORR003,ECR,High,25,22,28,43,Synthetic demonstration data
2026-10-14,CORR003,ECR,High,23,20,25,44,Synthetic demonstration data
2026-10-15,CORR003,ECR,High,28,26,31,45,Synthetic demonstration data
2026-10-16,CORR003,ECR,High,25,23,29,46,Synthetic demonstration data
2026-10-17,CORR003,ECR,High,19,16,23,47,Synthetic demonstration data
2026-10-18,CORR003,ECR,High,20,16,22,48,Synthetic demonstration data
2026-10-19,CORR003,ECR,High,24,20,28,49,Synthetic demonstration data
2026-10-20,CORR003,ECR,High,23,19,26,50,Synthetic demonstration data
2026-10-21,CORR003,ECR,High,25,22,28,51,Synthetic demonstration data
2026-10-22,CORR003,ECR,High,23,21,26,52,Synthetic demonstration data
2026-10-23,CORR003,ECR,High,25,22,29,53,Synthetic demonstration data
2026-10-24,CORR003,ECR,High,21,17,23,54,Synthetic demonstration data
2026-10-25,CORR003,ECR,High,20,16,24,55,Synthetic demonstration data
2026-10-26,CORR003,ECR,High,27,25,31,56,Synthetic demonstration data
2026-10-27,CORR003,ECR,High,26,24,28,57,Synthetic demonstration data
2026-10-28,CORR003,ECR,High,26,22,29,58,Synthetic demonstration data
2026-10-29,CORR003,ECR,High,25,23,27,59,Synthetic demonstration data
2026-10-30,CORR003,ECR,High,27,25,30,60,Synthetic demonstration data
2026-10-31,CORR003,ECR,High,23,19,27,61,Synthetic demonstration data
2026-11-01,CORR003,ECR,High,25,22,28,62,Synthetic demonstration data
2026-11-02,CORR003,ECR,High,32,28,35,63,Synthetic demonstration data
2026-11-03,CORR003,ECR,High,31,29,33,64,Synthetic demonstration data
2026-11-04,CORR003,ECR,High,31,28,35,65,Synthetic demonstration data
2026-11-05,CORR003,ECR,High,26,22,28,66,Synthetic demonstration data
2026-11-06,CORR003,ECR,High,29,27,32,67,Synthetic demonstration data
2026-11-07,CORR003,ECR,High,22,20,25,68,Synthetic demonstration data
2026-11-08,CORR003,ECR,High,22,19,26,69,Synthetic demonstration data
2026-11-09,CORR003,ECR,High,23,20,26,70,Synthetic demonstration data
2026-11-10,CORR003,ECR,High,28,24,31,71,Synthetic demonstration data
2026-11-11,CORR003,ECR,High,26,23,28,72,Synthetic demonstration data
2026-11-12,CORR003,ECR,High,29,26,31,73,Synthetic demonstration data
2026-11-13,CORR003,ECR,High,25,22,29,74,Synthetic demonstration data
2026-11-14,CORR003,ECR,High,17,15,19,75,Synthetic demonstration data
2026-11-15,CORR003,ECR,High,25,22,28,76,Synthetic demonstration data
2026-11-16,CORR003,ECR,High,23,21,25,77,Synthetic demonstration data
2026-11-17,CORR003,ECR,High,21,17,23,78,Synthetic demonstration data
2026-11-18,CORR003,ECR,High,21,19,24,79,Synthetic demonstration data
2026-11-19,CORR003,ECR,High,25,21,29,80,Synthetic demonstration data
2026-11-20,CORR003,ECR,High,29,27,32,81,Synthetic demonstration data
2026-11-21,CORR003,ECR,High,17,14,20,82,Synthetic demonstration data
2026-11-22,CORR003,ECR,High,24,21,26,83,Synthetic demonstration data
2026-11-23,CORR003,ECR,High,28,25,30,84,Synthetic demonstration data
2026-11-24,CORR003,ECR,High,25,22,29,85,Synthetic demonstration data
2026-11-25,CORR003,ECR,High,24,20,27,86,Synthetic demonstration data
2026-11-26,CORR003,ECR,High,25,23,29,87,Synthetic demonstration data
2026-11-27,CORR003,ECR,High,29,27,32,88,Synthetic demonstration data
2026-11-28,CORR003,ECR,High,23,21,27,89,Synthetic demonstration data
2026-11-29,CORR003,ECR,High,25,23,27,90,Synthetic demonstration data
2026-09-01,CORR004,NR,Low,11,9,13,1,Synthetic demonstration data
2026-09-02,CORR004,NR,Low,11,9,15,2,Synthetic demonstration data
2026-09-03,CORR004,NR,Low,12,10,14,3,Synthetic demonstration data
2026-09-04,CORR004,NR,Low,16,13,18,4,Synthetic demonstration data
2026-09-05,CORR004,NR,Low,9,6,13,5,Synthetic demonstration data
2026-09-06,CORR004,NR,Low,13,11,16,6,Synthetic demonstration data
2026-09-07,CORR004,NR,Low,8,6,10,7,Synthetic demonstration data
2026-09-08,CORR004,NR,Low,14,12,16,8,Synthetic demonstration data
2026-09-09,CORR004,NR,Low,13,11,17,9,Synthetic demonstration data
2026-09-10,CORR004,NR,Low,7,3,11,10,Synthetic demonstration data
2026-09-11,CORR004,NR,Low,8,4,11,11,Synthetic demonstration data
2026-09-12,CORR004,NR,Low,8,4,12,12,Synthetic demonstration data
2026-09-13,CORR004,NR,Low,10,6,14,13,Synthetic demonstration data
2026-09-14,CORR004,NR,Low,15,13,18,14,Synthetic demonstration data
2026-09-15,CORR004,NR,Low,12,8,16,15,Synthetic demonstration data
2026-09-16,CORR004,NR,Low,12,10,15,16,Synthetic demonstration data
2026-09-17,CORR004,NR,Low,11,9,15,17,Synthetic demonstration data
2026-09-18,CORR004,NR,Low,9,6,11,18,Synthetic demonstration data
2026-09-19,CORR004,NR,Low,8,4,10,19,Synthetic demonstration data
2026-09-20,CORR004,NR,Low,7,3,9,20,Synthetic demonstration data
2026-09-21,CORR004,NR,Low,8,6,11,21,Synthetic demonstration data
2026-09-22,CORR004,NR,Low,16,12,20,22,Synthetic demonstration data
2026-09-23,CORR004,NR,Low,13,10,17,23,Synthetic demonstration data
2026-09-24,CORR004,NR,Low,14,10,16,24,Synthetic demonstration data
2026-09-25,CORR004,NR,Low,9,5,13,25,Synthetic demonstration data
2026-09-26,CORR004,NR,Low,8,5,11,26,Synthetic demonstration data
2026-09-27,CORR004,NR,Low,10,7,13,27,Synthetic demonstration data
2026-09-28,CORR004,NR,Low,12,10,14,28,Synthetic demonstration data
2026-09-29,CORR004,NR,Low,12,10,14,29,Synthetic demonstration data
2026-09-30,CORR004,NR,Low,13,9,16,30,Synthetic demonstration data
2026-10-01,CORR004,NR,Low,11,9,14,31,Synthetic demonstration data
2026-10-02,CORR004,NR,Low,14,10,16,32,Synthetic demonstration data
2026-10-03,CORR004,NR,Low,9,6,13,33,Synthetic demonstration data
2026-10-04,CORR004,NR,Low,9,7,11,34,Synthetic demonstration data
2026-10-05,CORR004,NR,Low,12,8,14,35,Synthetic demonstration data
2026-10-06,CORR004,NR,Low,14,10,16,36,Synthetic demonstration data
2026-10-07,CORR004,NR,Low,10,8,12,37,Synthetic demonstration data
2026-10-08,CORR004,NR,Low,13,10,15,38,Synthetic demonstration data
2026-10-09,CORR004,NR,Low,11,8,15,39,Synthetic demonstration data
2026-10-10,CORR004,NR,Low,8,5,11,40,Synthetic demonstration data
2026-10-11,CORR004,NR,Low,6,2,8,41,Synthetic demonstration data
2026-10-12,CORR004,NR,Low,6,2,10,42,Synthetic demonstration data
2026-10-13,CORR004,NR,Low,9,7,13,43,Synthetic demonstration data
2026-10-14,CORR004,NR,Low,10,7,12,44,Synthetic demonstration data
2026-10-15,CORR004,NR,Low,10,6,14,45,Synthetic demonstration data
2026-10-16,CORR004,NR,Low,12,9,15,46,Synthetic demonstration data
2026-10-17,CORR004,NR,Low,8,4,10,47,Synthetic demonstration data
2026-10-18,CORR004,NR,Low,6,4,10,48,Synthetic demonstration data
2026-10-19,CORR004,NR,Low,9,5,13,49,Synthetic demonstration data
2026-10-20,CORR004,NR,Low,10,6,14,50,Synthetic demonstration data
2026-10-21,CORR004,NR,Low,9,7,11,51,Synthetic demonstration data
2026-10-22,CORR004,NR,Low,6,4,9,52,Synthetic demonstration data
2026-10-23,CORR004,NR,Low,11,9,14,53,Synthetic demonstration data
2026-10-24,CORR004,NR,Low,11,7,15,54,Synthetic demonstration data
2026-10-25,CORR004,NR,Low,13,11,16,55,Synthetic demonstration data
2026-10-26,CORR004,NR,Low,14,11,17,56,Synthetic demonstration data
2026-10-27,CORR004,NR,Low,10,8,14,57,Synthetic demonstration data
2026-10-28,CORR004,NR,Low,12,8,16,58,Synthetic demonstration data
2026-10-29,CORR004,NR,Low,9,6,12,59,Synthetic demonstration data
2026-10-30,CORR004,NR,Low,10,8,14,60,Synthetic demonstration data
2026-10-31,CORR004,NR,Low,9,7,13,61,Synthetic demonstration data
2026-11-01,CORR004,NR,Low,11,7,15,62,Synthetic demonstration data
2026-11-02,CORR004,NR,Low,12,8,16,63,Synthetic demonstration data
2026-11-03,CORR004,NR,Low,12,10,16,64,Synthetic demonstration data
2026-11-04,CORR004,NR,Low,13,10,16,65,Synthetic demonstration data
2026-11-05,CORR004,NR,Low,13,9,15,66,Synthetic demonstration data
2026-11-06,CORR004,NR,Low,11,7,14,67,Synthetic demonstration data
2026-11-07,CORR004,NR,Low,8,4,11,68,Synthetic demonstration data
2026-11-08,CORR004,NR,Low,6,3,8,69,Synthetic demonstration data
2026-11-09,CORR004,NR,Low,15,11,17,70,Synthetic demonstration data
2026-11-10,CORR004,NR,Low,9,6,13,71,Synthetic demonstration data
2026-11-11,CORR004,NR,Low,10,6,14,72,Synthetic demonstration data
2026-11-12,CORR004,NR,Low,12,9,15,73,Synthetic demonstration data
2026-11-13,CORR004,NR,Low,8,6,11,74,Synthetic demonstration data
2026-11-14,CORR004,NR,Low,8,5,11,75,Synthetic demonstration data
2026-11-15,CORR004,NR,Low,9,7,12,76,Synthetic demonstration data
2026-11-16,CORR004,NR,Low,11,7,13,77,Synthetic demonstration data
2026-11-17,CORR004,NR,Low,10,7,14,78,Synthetic demonstration data
2026-11-18,CORR004,NR,Low,13,10,15,79,Synthetic demonstration data
2026-11-19,CORR004,NR,Low,10,8,14,80,Synthetic demonstration data
2026-11-20,CORR004,NR,Low,11,8,14,81,Synthetic demonstration data
2026-11-21,CORR004,NR,Low,6,3,8,82,Synthetic demonstration data
2026-11-22,CORR004,NR,Low,8,4,11,83,Synthetic demonstration data
2026-11-23,CORR004,NR,Low,9,6,11,84,Synthetic demonstration data
2026-11-24,CORR004,NR,Low,11,8,13,85,Synthetic demonstration data
2026-11-25,CORR004,NR,Low,13,11,15,86,Synthetic demonstration data
2026-11-26,CORR004,NR,Low,14,12,17,87,Synthetic demonstration data
2026-11-27,CORR004,NR,Low,11,8,13,88,Synthetic demonstration data
2026-11-28,CORR004,NR,Low,8,4,11,89,Synthetic demonstration data
2026-11-29,CORR004,NR,Low,8,6,10,90,Synthetic demonstration data
2026-09-01,CORR005,NCR,Medium,25,23,28,1,Synthetic demonstration data
2026-09-02,CORR005,NCR,Medium,20,18,23,2,Synthetic demonstration data
2026-09-03,CORR005,NCR,Medium,19,16,23,3,Synthetic demonstration data
2026-09-04,CORR005,NCR,Medium,21,19,25,4,Synthetic demonstration data
2026-09-05,CORR005,NCR,Medium,17,15,19,5,Synthetic demonstration data
2026-09-06,CORR005,NCR,Medium,16,12,20,6,Synthetic demonstration data
2026-09-07,CORR005,NCR,Medium,23,19,27,7,Synthetic demonstration data
2026-09-08,CORR005,NCR,Medium,19,16,22,8,Synthetic demonstration data
2026-09-09,CORR005,NCR,Medium,21,18,23,9,Synthetic demonstration data
2026-09-10,CORR005,NCR,Medium,19,17,22,10,Synthetic demonstration data
2026-09-11,CORR005,NCR,Medium,18,15,22,11,Synthetic demonstration data
2026-09-12,CORR005,NCR,Medium,16,14,20,12,Synthetic demonstration data
2026-09-13,CORR005,NCR,Medium,17,15,19,13,Synthetic demonstration data
2026-09-14,CORR005,NCR,Medium,17,15,19,14,Synthetic demonstration data
2026-09-15,CORR005,NCR,Medium,21,18,23,15,Synthetic demonstration data
2026-09-16,CORR005,NCR,Medium,17,13,21,16,Synthetic demonstration data
2026-09-17,CORR005,NCR,Medium,19,15,22,17,Synthetic demonstration data
2026-09-18,CORR005,NCR,Medium,19,16,22,18,Synthetic demonstration data
2026-09-19,CORR005,NCR,Medium,14,10,18,19,Synthetic demonstration data
2026-09-20,CORR005,NCR,Medium,13,11,15,20,Synthetic demonstration data
2026-09-21,CORR005,NCR,Medium,19,17,23,21,Synthetic demonstration data
2026-09-22,CORR005,NCR,Medium,20,17,24,22,Synthetic demonstration data
2026-09-23,CORR005,NCR,Medium,19,15,21,23,Synthetic demonstration data
2026-09-24,CORR005,NCR,Medium,19,16,22,24,Synthetic demonstration data
2026-09-25,CORR005,NCR,Medium,21,19,23,25,Synthetic demonstration data
2026-09-26,CORR005,NCR,Medium,17,14,21,26,Synthetic demonstration data
2026-09-27,CORR005,NCR,Medium,16,14,20,27,Synthetic demonstration data
2026-09-28,CORR005,NCR,Medium,18,15,20,28,Synthetic demonstration data
2026-09-29,CORR005,NCR,Medium,16,12,18,29,Synthetic demonstration data
2026-09-30,CORR005,NCR,Medium,19,15,21,30,Synthetic demonstration data
2026-10-01,CORR005,NCR,Medium,20,16,24,31,Synthetic demonstration data
2026-10-02,CORR005,NCR,Medium,20,18,23,32,Synthetic demonstration data
2026-10-03,CORR005,NCR,Medium,19,15,21,33,Synthetic demonstration data
2026-10-04,CORR005,NCR,Medium,12,9,16,34,Synthetic demonstration data
2026-10-05,CORR005,NCR,Medium,22,20,25,35,Synthetic demonstration data
2026-10-06,CORR005,NCR,Medium,17,13,19,36,Synthetic demonstration data
2026-10-07,CORR005,NCR,Medium,16,12,20,37,Synthetic demonstration data
2026-10-08,CORR005,NCR,Medium,22,18,24,38,Synthetic demonstration data
2026-10-09,CORR005,NCR,Medium,24,22,27,39,Synthetic demonstration data
2026-10-10,CORR005,NCR,Medium,17,15,19,40,Synthetic demonstration data
2026-10-11,CORR005,NCR,Medium,13,9,17,41,Synthetic demonstration data
2026-10-12,CORR005,NCR,Medium,20,17,23,42,Synthetic demonstration data
2026-10-13,CORR005,NCR,Medium,20,16,24,43,Synthetic demonstration data
2026-10-14,CORR005,NCR,Medium,18,14,21,44,Synthetic demonstration data
2026-10-15,CORR005,NCR,Medium,20,18,23,45,Synthetic demonstration data
2026-10-16,CORR005,NCR,Medium,17,15,19,46,Synthetic demonstration data
2026-10-17,CORR005,NCR,Medium,12,10,15,47,Synthetic demonstration data
2026-10-18,CORR005,NCR,Medium,15,12,17,48,Synthetic demonstration data
2026-10-19,CORR005,NCR,Medium,18,16,21,49,Synthetic demonstration data
2026-10-20,CORR005,NCR,Medium,14,12,18,50,Synthetic demonstration data
2026-10-21,CORR005,NCR,Medium,14,11,17,51,Synthetic demonstration data
2026-10-22,CORR005,NCR,Medium,17,14,19,52,Synthetic demonstration data
2026-10-23,CORR005,NCR,Medium,18,16,20,53,Synthetic demonstration data
2026-10-24,CORR005,NCR,Medium,15,11,18,54,Synthetic demonstration data
2026-10-25,CORR005,NCR,Medium,14,11,18,55,Synthetic demonstration data
2026-10-26,CORR005,NCR,Medium,20,16,23,56,Synthetic demonstration data
2026-10-27,CORR005,NCR,Medium,20,17,22,57,Synthetic demonstration data
2026-10-28,CORR005,NCR,Medium,20,16,24,58,Synthetic demonstration data
2026-10-29,CORR005,NCR,Medium,22,19,24,59,Synthetic demonstration data
2026-10-30,CORR005,NCR,Medium,19,15,21,60,Synthetic demonstration data
2026-10-31,CORR005,NCR,Medium,16,13,20,61,Synthetic demonstration data
2026-11-01,CORR005,NCR,Medium,16,13,18,62,Synthetic demonstration data
2026-11-02,CORR005,NCR,Medium,23,20,25,63,Synthetic demonstration data
2026-11-03,CORR005,NCR,Medium,19,15,23,64,Synthetic demonstration data
2026-11-04,CORR005,NCR,Medium,19,15,21,65,Synthetic demonstration data
2026-11-05,CORR005,NCR,Medium,19,17,22,66,Synthetic demonstration data
2026-11-06,CORR005,NCR,Medium,20,16,24,67,Synthetic demonstration data
2026-11-07,CORR005,NCR,Medium,19,17,21,68,Synthetic demonstration data
2026-11-08,CORR005,NCR,Medium,16,14,18,69,Synthetic demonstration data
2026-11-09,CORR005,NCR,Medium,19,15,23,70,Synthetic demonstration data
2026-11-10,CORR005,NCR,Medium,18,15,22,71,Synthetic demonstration data
2026-11-11,CORR005,NCR,Medium,17,15,20,72,Synthetic demonstration data
2026-11-12,CORR005,NCR,Medium,20,18,22,73,Synthetic demonstration data
2026-11-13,CORR005,NCR,Medium,18,16,20,74,Synthetic demonstration data
2026-11-14,CORR005,NCR,Medium,16,12,19,75,Synthetic demonstration data
2026-11-15,CORR005,NCR,Medium,15,11,17,76,Synthetic demonstration data
2026-11-16,CORR005,NCR,Medium,19,15,21,77,Synthetic demonstration data
2026-11-17,CORR005,NCR,Medium,17,13,21,78,Synthetic demonstration data
2026-11-18,CORR005,NCR,Medium,17,15,19,79,Synthetic demonstration data
2026-11-19,CORR005,NCR,Medium,16,14,19,80,Synthetic demonstration data
2026-11-20,CORR005,NCR,Medium,18,14,20,81,Synthetic demonstration data
2026-11-21,CORR005,NCR,Medium,13,9,15,82,Synthetic demonstration data
2026-11-22,CORR005,NCR,Medium,14,10,16,83,Synthetic demonstration data
2026-11-23,CORR005,NCR,Medium,18,15,22,84,Synthetic demonstration data
2026-11-24,CORR005,NCR,Medium,19,16,21,85,Synthetic demonstration data
2026-11-25,CORR005,NCR,Medium,18,16,22,86,Synthetic demonstration data
2026-11-26,CORR005,NCR,Medium,20,16,23,87,Synthetic demonstration data
2026-11-27,CORR005,NCR,Medium,16,14,20,88,Synthetic demonstration data
2026-11-28,CORR005,NCR,Medium,15,11,18,89,Synthetic demonstration data
2026-11-29,CORR005,NCR,Medium,15,13,18,90,Synthetic demonstration data
2026-09-01,CORR006,NER,High,33,30,35,1,Synthetic demonstration data
2026-09-02,CORR006,NER,High,28,26,31,2,Synthetic demonstration data
2026-09-03,CORR006,NER,High,32,29,36,3,Synthetic demonstration data
2026-09-04,CORR006,NER,High,32,30,35,4,Synthetic demonstration data
2026-09-05,CORR006,NER,High,25,22,28,5,Synthetic demonstration data
2026-09-06,CORR006,NER,High,29,25,32,6,Synthetic demonstration data
2026-09-07,CORR006,NER,High,32,28,34,7,Synthetic demonstration data
2026-09-08,CORR006,NER,High,30,26,32,8,Synthetic demonstration data
2026-09-09,CORR006,NER,High,30,26,34,9,Synthetic demonstration data
2026-09-10,CORR006,NER,High,26,23,30,10,Synthetic demonstration data
2026-09-11,CORR006,NER,High,26,24,28,11,Synthetic demonstration data
2026-09-12,CORR006,NER,High,23,19,25,12,Synthetic demonstration data
2026-09-13,CORR006,NER,High,24,22,26,13,Synthetic demonstration data
2026-09-14,CORR006,NER,High,30,26,33,14,Synthetic demonstration data
2026-09-15,CORR006,NER,High,26,22,30,15,Synthetic demonstration data
2026-09-16,CORR006,NER,High,29,25,31,16,Synthetic demonstration data
2026-09-17,CORR006,NER,High,28,26,32,17,Synthetic demonstration data
2026-09-18,CORR006,NER,High,27,24,31,18,Synthetic demonstration data
2026-09-19,CORR006,NER,High,24,20,27,19,Synthetic demonstration data
2026-09-20,CORR006,NER,High,22,20,26,20,Synthetic demonstration data
2026-09-21,CORR006,NER,High,27,24,31,21,Synthetic demonstration data
2026-09-22,CORR006,NER,High,27,23,30,22,Synthetic demonstration data
2026-09-23,CORR006,NER,High,27,24,31,23,Synthetic demonstration data
2026-09-24,CORR006,NER,High,26,22,28,24,Synthetic demonstration data
2026-09-25,CORR006,NER,High,28,25,32,25,Synthetic demonstration data
2026-09-26,CORR006,NER,High,25,23,28,26,Synthetic demonstration data
2026-09-27,CORR006,NER,High,23,20,25,27,Synthetic demonstration data
2026-09-28,CORR006,NER,High,33,29,36,28,Synthetic demonstration data
2026-09-29,CORR006,NER,High,27,23,29,29,Synthetic demonstration data
2026-09-30,CORR006,NER,High,31,29,33,30,Synthetic demonstration data
2026-10-01,CORR006,NER,High,30,27,34,31,Synthetic demonstration data
2026-10-02,CORR006,NER,High,30,26,33,32,Synthetic demonstration data
2026-10-03,CORR006,NER,High,27,25,30,33,Synthetic demonstration data
2026-10-04,CORR006,NER,High,24,22,28,34,Synthetic demonstration data
2026-10-05,CORR006,NER,High,30,28,32,35,Synthetic demonstration data
2026-10-06,CORR006,NER,High,31,28,35,36,Synthetic demonstration data
2026-10-07,CORR006,NER,High,35,33,38,37,Synthetic demonstration data
2026-10-08,CORR006,NER,High,31,28,33,38,Synthetic demonstration data
2026-10-09,CORR006,NER,High,29,27,32,39,Synthetic demonstration data
2026-10-10,CORR006,NER,High,25,23,27,40,Synthetic demonstration data
2026-10-11,CORR006,NER,High,24,21,27,41,Synthetic demonstration data
2026-10-12,CORR006,NER,High,28,24,31,42,Synthetic demonstration data
2026-10-13,CORR006,NER,High,30,27,33,43,Synthetic demonstration data
2026-10-14,CORR006,NER,High,29,25,31,44,Synthetic demonstration data
2026-10-15,CORR006,NER,High,28,26,32,45,Synthetic demonstration data
2026-10-16,CORR006,NER,High,29,25,31,46,Synthetic demonstration data
2026-10-17,CORR006,NER,High,23,20,26,47,Synthetic demonstration data
2026-10-18,CORR006,NER,High,23,20,27,48,Synthetic demonstration data
2026-10-19,CORR006,NER,High,27,24,30,49,Synthetic demonstration data
2026-10-20,CORR006,NER,High,28,25,32,50,Synthetic demonstration data
2026-10-21,CORR006,NER,High,28,25,31,51,Synthetic demonstration data
2026-10-22,CORR006,NER,High,31,27,34,52,Synthetic demonstration data
2026-10-23,CORR006,NER,High,25,21,27,53,Synthetic demonstration data
2026-10-24,CORR006,NER,High,22,18,26,54,Synthetic demonstration data
2026-10-25,CORR006,NER,High,21,19,25,55,Synthetic demonstration data
2026-10-26,CORR006,NER,High,31,27,34,56,Synthetic demonstration data
2026-10-27,CORR006,NER,High,27,24,31,57,Synthetic demonstration data
2026-10-28,CORR006,NER,High,29,25,31,58,Synthetic demonstration data
2026-10-29,CORR006,NER,High,29,27,33,59,Synthetic demonstration data
2026-10-30,CORR006,NER,High,31,28,33,60,Synthetic demonstration data
2026-10-31,CORR006,NER,High,26,23,29,61,Synthetic demonstration data
2026-11-01,CORR006,NER,High,27,25,31,62,Synthetic demonstration data
2026-11-02,CORR006,NER,High,28,26,31,63,Synthetic demonstration data
2026-11-03,CORR006,NER,High,35,32,39,64,Synthetic demonstration data
2026-11-04,CORR006,NER,High,31,28,35,65,Synthetic demonstration data
2026-11-05,CORR006,NER,High,33,29,36,66,Synthetic demonstration data
2026-11-06,CORR006,NER,High,34,30,36,67,Synthetic demonstration data
2026-11-07,CORR006,NER,High,28,24,31,68,Synthetic demonstration data
2026-11-08,CORR006,NER,High,26,22,29,69,Synthetic demonstration data
2026-11-09,CORR006,NER,High,30,27,33,70,Synthetic demonstration data
2026-11-10,CORR006,NER,High,25,22,27,71,Synthetic demonstration data
2026-11-11,CORR006,NER,High,30,28,33,72,Synthetic demonstration data
2026-11-12,CORR006,NER,High,28,25,32,73,Synthetic demonstration data
2026-11-13,CORR006,NER,High,27,25,30,74,Synthetic demonstration data
2026-11-14,CORR006,NER,High,23,21,25,75,Synthetic demonstration data
2026-11-15,CORR006,NER,High,21,18,25,76,Synthetic demonstration data
2026-11-16,CORR006,NER,High,25,23,29,77,Synthetic demonstration data
2026-11-17,CORR006,NER,High,29,25,33,78,Synthetic demonstration data
2026-11-18,CORR006,NER,High,27,24,30,79,Synthetic demonstration data
2026-11-19,CORR006,NER,High,24,22,26,80,Synthetic demonstration data
2026-11-20,CORR006,NER,High,31,29,33,81,Synthetic demonstration data
2026-11-21,CORR006,NER,High,20,17,22,82,Synthetic demonstration data
2026-11-22,CORR006,NER,High,19,17,21,83,Synthetic demonstration data
2026-11-23,CORR006,NER,High,30,28,34,84,Synthetic demonstration data
2026-11-24,CORR006,NER,High,28,26,31,85,Synthetic demonstration data
2026-11-25,CORR006,NER,High,29,26,32,86,Synthetic demonstration data
2026-11-26,CORR006,NER,High,28,25,30,87,Synthetic demonstration data
2026-11-27,CORR006,NER,High,29,27,33,88,Synthetic demonstration data
2026-11-28,CORR006,NER,High,23,19,25,89,Synthetic demonstration data
2026-11-29,CORR006,NER,High,24,22,26,90,Synthetic demonstration data
2026-09-01,CORR007,NFR,Low,18,16,21,1,Synthetic demonstration data
2026-09-02,CORR007,NFR,Low,16,12,20,2,Synthetic demonstration data
2026-09-03,CORR007,NFR,Low,15,11,19,3,Synthetic demonstration data
2026-09-04,CORR007,NFR,Low,16,13,20,4,Synthetic demonstration data
2026-09-05,CORR007,NFR,Low,11,8,13,5,Synthetic demonstration data
2026-09-06,CORR007,NFR,Low,13,10,16,6,Synthetic demonstration data
2026-09-07,CORR007,NFR,Low,14,12,16,7,Synthetic demonstration data
2026-09-08,CORR007,NFR,Low,16,12,18,8,Synthetic demonstration data
2026-09-09,CORR007,NFR,Low,17,14,21,9,Synthetic demonstration data
2026-09-10,CORR007,NFR,Low,14,11,16,10,Synthetic demonstration data
2026-09-11,CORR007,NFR,Low,14,12,17,11,Synthetic demonstration data
2026-09-12,CORR007,NFR,Low,15,11,17,12,Synthetic demonstration data
2026-09-13,CORR007,NFR,Low,13,9,17,13,Synthetic demonstration data
2026-09-14,CORR007,NFR,Low,16,13,18,14,Synthetic demonstration data
2026-09-15,CORR007,NFR,Low,15,12,18,15,Synthetic demonstration data
2026-09-16,CORR007,NFR,Low,16,13,19,16,Synthetic demonstration data
2026-09-17,CORR007,NFR,Low,14,12,16,17,Synthetic demonstration data
2026-09-18,CORR007,NFR,Low,12,10,14,18,Synthetic demonstration data
2026-09-19,CORR007,NFR,Low,13,10,15,19,Synthetic demonstration data
2026-09-20,CORR007,NFR,Low,11,8,14,20,Synthetic demonstration data
2026-09-21,CORR007,NFR,Low,13,10,16,21,Synthetic demonstration data
2026-09-22,CORR007,NFR,Low,14,12,16,22,Synthetic demonstration data
2026-09-23,CORR007,NFR,Low,15,13,18,23,Synthetic demonstration data
2026-09-24,CORR007,NFR,Low,13,10,17,24,Synthetic demonstration data
2026-09-25,CORR007,NFR,Low,11,9,15,25,Synthetic demonstration data
2026-09-26,CORR007,NFR,Low,8,6,10,26,Synthetic demonstration data
2026-09-27,CORR007,NFR,Low,13,9,16,27,Synthetic demonstration data
2026-09-28,CORR007,NFR,Low,18,15,22,28,Synthetic demonstration data
2026-09-29,CORR007,NFR,Low,17,14,20,29,Synthetic demonstration data
2026-09-30,CORR007,NFR,Low,16,13,18,30,Synthetic demonstration data
2026-10-01,CORR007,NFR,Low,17,14,20,31,Synthetic demonstration data
2026-10-02,CORR007,NFR,Low,14,12,16,32,Synthetic demonstration data
2026-10-03,CORR007,NFR,Low,10,7,12,33,Synthetic demonstration data
2026-10-04,CORR007,NFR,Low,10,6,14,34,Synthetic demonstration data
2026-10-05,CORR007,NFR,Low,17,14,20,35,Synthetic demonstration data
2026-10-06,CORR007,NFR,Low,11,7,15,36,Synthetic demonstration data
2026-10-07,CORR007,NFR,Low,15,11,19,37,Synthetic demonstration data
2026-10-08,CORR007,NFR,Low,16,12,18,38,Synthetic demonstration data
2026-10-09,CORR007,NFR,Low,12,9,14,39,Synthetic demonstration data
2026-10-10,CORR007,NFR,Low,12,10,15,40,Synthetic demonstration data
2026-10-11,CORR007,NFR,Low,13,9,16,41,Synthetic demonstration data
2026-10-12,CORR007,NFR,Low,13,10,16,42,Synthetic demonstration data
2026-10-13,CORR007,NFR,Low,14,11,16,43,Synthetic demonstration data
2026-10-14,CORR007,NFR,Low,13,10,17,44,Synthetic demonstration data
2026-10-15,CORR007,NFR,Low,12,8,14,45,Synthetic demonstration data
2026-10-16,CORR007,NFR,Low,14,11,16,46,Synthetic demonstration data
2026-10-17,CORR007,NFR,Low,13,11,15,47,Synthetic demonstration data
2026-10-18,CORR007,NFR,Low,10,7,14,48,Synthetic demonstration data
2026-10-19,CORR007,NFR,Low,13,10,15,49,Synthetic demonstration data
2026-10-20,CORR007,NFR,Low,14,11,16,50,Synthetic demonstration data
2026-10-21,CORR007,NFR,Low,14,11,16,51,Synthetic demonstration data
2026-10-22,CORR007,NFR,Low,15,13,18,52,Synthetic demonstration data
2026-10-23,CORR007,NFR,Low,13,10,17,53,Synthetic demonstration data
2026-10-24,CORR007,NFR,Low,12,10,15,54,Synthetic demonstration data
2026-10-25,CORR007,NFR,Low,12,8,15,55,Synthetic demonstration data
2026-10-26,CORR007,NFR,Low,15,13,18,56,Synthetic demonstration data
2026-10-27,CORR007,NFR,Low,13,9,16,57,Synthetic demonstration data
2026-10-28,CORR007,NFR,Low,15,13,19,58,Synthetic demonstration data
2026-10-29,CORR007,NFR,Low,15,13,19,59,Synthetic demonstration data
2026-10-30,CORR007,NFR,Low,14,12,16,60,Synthetic demonstration data
2026-10-31,CORR007,NFR,Low,11,7,15,61,Synthetic demonstration data
2026-11-01,CORR007,NFR,Low,11,7,14,62,Synthetic demonstration data
2026-11-02,CORR007,NFR,Low,16,14,19,63,Synthetic demonstration data
2026-11-03,CORR007,NFR,Low,13,11,16,64,Synthetic demonstration data
2026-11-04,CORR007,NFR,Low,16,13,20,65,Synthetic demonstration data
2026-11-05,CORR007,NFR,Low,12,9,15,66,Synthetic demonstration data
2026-11-06,CORR007,NFR,Low,18,14,22,67,Synthetic demonstration data
2026-11-07,CORR007,NFR,Low,11,8,15,68,Synthetic demonstration data
2026-11-08,CORR007,NFR,Low,9,5,11,69,Synthetic demonstration data
2026-11-09,CORR007,NFR,Low,16,13,18,70,Synthetic demonstration data
2026-11-10,CORR007,NFR,Low,12,10,16,71,Synthetic demonstration data
2026-11-11,CORR007,NFR,Low,13,11,15,72,Synthetic demonstration data
2026-11-12,CORR007,NFR,Low,15,11,17,73,Synthetic demonstration data
2026-11-13,CORR007,NFR,Low,15,12,18,74,Synthetic demonstration data
2026-11-14,CORR007,NFR,Low,9,6,13,75,Synthetic demonstration data
2026-11-15,CORR007,NFR,Low,12,9,15,76,Synthetic demonstration data
2026-11-16,CORR007,NFR,Low,13,10,15,77,Synthetic demonstration data
2026-11-17,CORR007,NFR,Low,12,8,15,78,Synthetic demonstration data
2026-11-18,CORR007,NFR,Low,9,6,12,79,Synthetic demonstration data
2026-11-19,CORR007,NFR,Low,12,10,14,80,Synthetic demonstration data
2026-11-20,CORR007,NFR,Low,15,11,18,81,Synthetic demonstration data
2026-11-21,CORR007,NFR,Low,12,9,15,82,Synthetic demonstration data
2026-11-22,CORR007,NFR,Low,14,12,18,83,Synthetic demonstration data
2026-11-23,CORR007,NFR,Low,13,10,15,84,Synthetic demonstration data
2026-11-24,CORR007,NFR,Low,12,9,14,85,Synthetic demonstration data
2026-11-25,CORR007,NFR,Low,15,12,18,86,Synthetic demonstration data
2026-11-26,CORR007,NFR,Low,14,12,16,87,Synthetic demonstration data
2026-11-27,CORR007,NFR,Low,14,11,17,88,Synthetic demonstration data
2026-11-28,CORR007,NFR,Low,11,9,13,89,Synthetic demonstration data
2026-11-29,CORR007,NFR,Low,10,7,14,90,Synthetic demonstration data
2026-09-01,CORR008,SER,Medium,23,19,26,1,Synthetic demonstration data
2026-09-02,CORR008,SER,Medium,21,17,24,2,Synthetic demonstration data
2026-09-03,CORR008,SER,Medium,24,20,27,3,Synthetic demonstration data
2026-09-04,CORR008,SER,Medium,28,24,32,4,Synthetic demonstration data
2026-09-05,CORR008,SER,Medium,20,16,23,5,Synthetic demonstration data
2026-09-06,CORR008,SER,Medium,19,16,22,6,Synthetic demonstration data
2026-09-07,CORR008,SER,Medium,22,18,25,7,Synthetic demonstration data
2026-09-08,CORR008,SER,Medium,24,22,28,8,Synthetic demonstration data
2026-09-09,CORR008,SER,Medium,21,18,25,9,Synthetic demonstration data
2026-09-10,CORR008,SER,Medium,22,19,25,10,Synthetic demonstration data
2026-09-11,CORR008,SER,Medium,22,20,25,11,Synthetic demonstration data
2026-09-12,CORR008,SER,Medium,18,16,20,12,Synthetic demonstration data
2026-09-13,CORR008,SER,Medium,22,19,25,13,Synthetic demonstration data
2026-09-14,CORR008,SER,Medium,21,19,25,14,Synthetic demonstration data
2026-09-15,CORR008,SER,Medium,20,18,23,15,Synthetic demonstration data
2026-09-16,CORR008,SER,Medium,21,19,25,16,Synthetic demonstration data
2026-09-17,CORR008,SER,Medium,21,19,25,17,Synthetic demonstration data
2026-09-18,CORR008,SER,Medium,21,18,24,18,Synthetic demonstration data
2026-09-19,CORR008,SER,Medium,18,16,22,19,Synthetic demonstration data
2026-09-20,CORR008,SER,Medium,16,13,19,20,Synthetic demonstration data
2026-09-21,CORR008,SER,Medium,19,15,21,21,Synthetic demonstration data
2026-09-22,CORR008,SER,Medium,21,17,24,22,Synthetic demonstration data
2026-09-23,CORR008,SER,Medium,19,15,22,23,Synthetic demonstration data
2026-09-24,CORR008,SER,Medium,21,19,25,24,Synthetic demonstration data
2026-09-25,CORR008,SER,Medium,20,18,23,25,Synthetic demonstration data
2026-09-26,CORR008,SER,Medium,17,14,21,26,Synthetic demonstration data
2026-09-27,CORR008,SER,Medium,19,17,23,27,Synthetic demonstration data
2026-09-28,CORR008,SER,Medium,21,19,23,28,Synthetic demonstration data
2026-09-29,CORR008,SER,Medium,20,17,24,29,Synthetic demonstration data
2026-09-30,CORR008,SER,Medium,25,22,29,30,Synthetic demonstration data
2026-10-01,CORR008,SER,Medium,23,21,27,31,Synthetic demonstration data
2026-10-02,CORR008,SER,Medium,26,22,30,32,Synthetic demonstration data
2026-10-03,CORR008,SER,Medium,22,20,24,33,Synthetic demonstration data
2026-10-04,CORR008,SER,Medium,19,16,21,34,Synthetic demonstration data
2026-10-05,CORR008,SER,Medium,24,20,26,35,Synthetic demonstration data
2026-10-06,CORR008,SER,Medium,23,20,26,36,Synthetic demonstration data
2026-10-07,CORR008,SER,Medium,25,22,29,37,Synthetic demonstration data
2026-10-08,CORR008,SER,Medium,22,20,24,38,Synthetic demonstration data
2026-10-09,CORR008,SER,Medium,25,23,27,39,Synthetic demonstration data
2026-10-10,CORR008,SER,Medium,18,16,21,40,Synthetic demonstration data
2026-10-11,CORR008,SER,Medium,16,12,20,41,Synthetic demonstration data
2026-10-12,CORR008,SER,Medium,21,19,25,42,Synthetic demonstration data
2026-10-13,CORR008,SER,Medium,21,18,25,43,Synthetic demonstration data
2026-10-14,CORR008,SER,Medium,22,20,24,44,Synthetic demonstration data
2026-10-15,CORR008,SER,Medium,19,17,22,45,Synthetic demonstration data
2026-10-16,CORR008,SER,Medium,17,15,19,46,Synthetic demonstration data
2026-10-17,CORR008,SER,Medium,19,17,21,47,Synthetic demonstration data
2026-10-18,CORR008,SER,Medium,15,12,18,48,Synthetic demonstration data
2026-10-19,CORR008,SER,Medium,24,21,28,49,Synthetic demonstration data
2026-10-20,CORR008,SER,Medium,19,16,21,50,Synthetic demonstration data
2026-10-21,CORR008,SER,Medium,19,17,23,51,Synthetic demonstration data
2026-10-22,CORR008,SER,Medium,21,19,23,52,Synthetic demonstration data
2026-10-23,CORR008,SER,Medium,20,18,24,53,Synthetic demonstration data
2026-10-24,CORR008,SER,Medium,17,13,19,54,Synthetic demonstration data
2026-10-25,CORR008,SER,Medium,16,13,20,55,Synthetic demonstration data
2026-10-26,CORR008,SER,Medium,24,20,28,56,Synthetic demonstration data
2026-10-27,CORR008,SER,Medium,20,16,23,57,Synthetic demonstration data
2026-10-28,CORR008,SER,Medium,23,21,25,58,Synthetic demonstration data
2026-10-29,CORR008,SER,Medium,25,22,28,59,Synthetic demonstration data
2026-10-30,CORR008,SER,Medium,24,20,26,60,Synthetic demonstration data
2026-10-31,CORR008,SER,Medium,21,19,23,61,Synthetic demonstration data
2026-11-01,CORR008,SER,Medium,18,15,22,62,Synthetic demonstration data
2026-11-02,CORR008,SER,Medium,23,20,26,63,Synthetic demonstration data
2026-11-03,CORR008,SER,Medium,23,21,25,64,Synthetic demonstration data
2026-11-04,CORR008,SER,Medium,24,20,27,65,Synthetic demonstration data
2026-11-05,CORR008,SER,Medium,25,22,27,66,Synthetic demonstration data
2026-11-06,CORR008,SER,Medium,23,20,26,67,Synthetic demonstration data
2026-11-07,CORR008,SER,Medium,17,15,19,68,Synthetic demonstration data
2026-11-08,CORR008,SER,Medium,19,16,23,69,Synthetic demonstration data
2026-11-09,CORR008,SER,Medium,24,21,28,70,Synthetic demonstration data
2026-11-10,CORR008,SER,Medium,23,21,25,71,Synthetic demonstration data
2026-11-11,CORR008,SER,Medium,20,16,23,72,Synthetic demonstration data
2026-11-12,CORR008,SER,Medium,25,22,28,73,Synthetic demonstration data
2026-11-13,CORR008,SER,Medium,19,17,23,74,Synthetic demonstration data
2026-11-14,CORR008,SER,Medium,18,14,21,75,Synthetic demonstration data
2026-11-15,CORR008,SER,Medium,18,15,22,76,Synthetic demonstration data
2026-11-16,CORR008,SER,Medium,20,16,23,77,Synthetic demonstration data
2026-11-17,CORR008,SER,Medium,21,19,23,78,Synthetic demonstration data
2026-11-18,CORR008,SER,Medium,21,17,25,79,Synthetic demonstration data
2026-11-19,CORR008,SER,Medium,23,20,26,80,Synthetic demonstration data
2026-11-20,CORR008,SER,Medium,21,17,24,81,Synthetic demonstration data
2026-11-21,CORR008,SER,Medium,16,12,20,82,Synthetic demonstration data
2026-11-22,CORR008,SER,Medium,19,17,22,83,Synthetic demonstration data
2026-11-23,CORR008,SER,Medium,21,17,23,84,Synthetic demonstration data
2026-11-24,CORR008,SER,Medium,22,18,25,85,Synthetic demonstration data
2026-11-25,CORR008,SER,Medium,26,22,30,86,Synthetic demonstration data
2026-11-26,CORR008,SER,Medium,23,19,25,87,Synthetic demonstration data
2026-11-27,CORR008,SER,Medium,23,21,27,88,Synthetic demonstration data
2026-11-28,CORR008,SER,Medium,19,17,21,89,Synthetic demonstration data
2026-11-29,CORR008,SER,Medium,17,13,19,90,Synthetic demonstration data
2026-09-01,CORR009,SCR,High,32,29,35,1,Synthetic demonstration data
2026-09-02,CORR009,SCR,High,33,29,35,2,Synthetic demonstration data
2026-09-03,CORR009,SCR,High,37,33,41,3,Synthetic demonstration data
2026-09-04,CORR009,SCR,High,35,31,38,4,Synthetic demonstration data
2026-09-05,CORR009,SCR,High,30,27,33,5,Synthetic demonstration data
2026-09-06,CORR009,SCR,High,27,24,30,6,Synthetic demonstration data
2026-09-07,CORR009,SCR,High,32,28,36,7,Synthetic demonstration data
2026-09-08,CORR009,SCR,High,32,28,35,8,Synthetic demonstration data
2026-09-09,CORR009,SCR,High,32,29,35,9,Synthetic demonstration data
2026-09-10,CORR009,SCR,High,29,25,32,10,Synthetic demonstration data
2026-09-11,CORR009,SCR,High,30,26,32,11,Synthetic demonstration data
2026-09-12,CORR009,SCR,High,23,20,26,12,Synthetic demonstration data
2026-09-13,CORR009,SCR,High,25,23,27,13,Synthetic demonstration data
2026-09-14,CORR009,SCR,High,30,26,34,14,Synthetic demonstration data
2026-09-15,CORR009,SCR,High,34,32,37,15,Synthetic demonstration data
2026-09-16,CORR009,SCR,High,30,26,33,16,Synthetic demonstration data
2026-09-17,CORR009,SCR,High,34,30,38,17,Synthetic demonstration data
2026-09-18,CORR009,SCR,High,29,25,31,18,Synthetic demonstration data
2026-09-19,CORR009,SCR,High,22,20,25,19,Synthetic demonstration data
2026-09-20,CORR009,SCR,High,25,22,28,20,Synthetic demonstration data
2026-09-21,CORR009,SCR,High,31,27,33,21,Synthetic demonstration data
2026-09-22,CORR009,SCR,High,29,26,33,22,Synthetic demonstration data
2026-09-23,CORR009,SCR,High,29,25,31,23,Synthetic demonstration data
2026-09-24,CORR009,SCR,High,32,28,36,24,Synthetic demonstration data
2026-09-25,CORR009,SCR,High,32,29,34,25,Synthetic demonstration data
2026-09-26,CORR009,SCR,High,27,25,29,26,Synthetic demonstration data
2026-09-27,CORR009,SCR,High,26,22,30,27,Synthetic demonstration data
2026-09-28,CORR009,SCR,High,37,33,40,28,Synthetic demonstration data
2026-09-29,CORR009,SCR,High,34,31,37,29,Synthetic demonstration data
2026-09-30,CORR009,SCR,High,31,27,33,30,Synthetic demonstration data
2026-10-01,CORR009,SCR,High,35,32,37,31,Synthetic demonstration data
2026-10-02,CORR009,SCR,High,37,34,39,32,Synthetic demonstration data
2026-10-03,CORR009,SCR,High,27,25,29,33,Synthetic demonstration data
2026-10-04,CORR009,SCR,High,26,24,29,34,Synthetic demonstration data
2026-10-05,CORR009,SCR,High,35,32,38,35,Synthetic demonstration data
2026-10-06,CORR009,SCR,High,35,31,39,36,Synthetic demonstration data
2026-10-07,CORR009,SCR,High,29,27,32,37,Synthetic demonstration data
2026-10-08,CORR009,SCR,High,34,32,37,38,Synthetic demonstration data
2026-10-09,CORR009,SCR,High,33,31,37,39,Synthetic demonstration data
2026-10-10,CORR009,SCR,High,26,24,28,40,Synthetic demonstration data
2026-10-11,CORR009,SCR,High,25,21,29,41,Synthetic demonstration data
2026-10-12,CORR009,SCR,High,30,27,33,42,Synthetic demonstration data
2026-10-13,CORR009,SCR,High,33,30,35,43,Synthetic demonstration data
2026-10-14,CORR009,SCR,High,30,28,33,44,Synthetic demonstration data
2026-10-15,CORR009,SCR,High,30,26,33,45,Synthetic demonstration data
2026-10-16,CORR009,SCR,High,29,26,33,46,Synthetic demonstration data
2026-10-17,CORR009,SCR,High,25,23,29,47,Synthetic demonstration data
2026-10-18,CORR009,SCR,High,22,18,25,48,Synthetic demonstration data
2026-10-19,CORR009,SCR,High,30,26,34,49,Synthetic demonstration data
2026-10-20,CORR009,SCR,High,30,28,33,50,Synthetic demonstration data
2026-10-21,CORR009,SCR,High,30,27,32,51,Synthetic demonstration data
2026-10-22,CORR009,SCR,High,31,29,34,52,Synthetic demonstration data
2026-10-23,CORR009,SCR,High,29,27,33,53,Synthetic demonstration data
2026-10-24,CORR009,SCR,High,26,22,28,54,Synthetic demonstration data
2026-10-25,CORR009,SCR,High,24,22,28,55,Synthetic demonstration data
2026-10-26,CORR009,SCR,High,34,31,38,56,Synthetic demonstration data
2026-10-27,CORR009,SCR,High,33,31,36,57,Synthetic demonstration data
2026-10-28,CORR009,SCR,High,33,30,37,58,Synthetic demonstration data
2026-10-29,CORR009,SCR,High,33,31,36,59,Synthetic demonstration data
2026-10-30,CORR009,SCR,High,33,30,36,60,Synthetic demonstration data
2026-10-31,CORR009,SCR,High,26,24,28,61,Synthetic demonstration data
2026-11-01,CORR009,SCR,High,23,20,26,62,Synthetic demonstration data
2026-11-02,CORR009,SCR,High,35,32,39,63,Synthetic demonstration data
2026-11-03,CORR009,SCR,High,36,34,40,64,Synthetic demonstration data
2026-11-04,CORR009,SCR,High,33,30,37,65,Synthetic demonstration data
2026-11-05,CORR009,SCR,High,35,32,39,66,Synthetic demonstration data
2026-11-06,CORR009,SCR,High,33,30,37,67,Synthetic demonstration data
2026-11-07,CORR009,SCR,High,26,23,29,68,Synthetic demonstration data
2026-11-08,CORR009,SCR,High,26,23,30,69,Synthetic demonstration data
2026-11-09,CORR009,SCR,High,34,32,36,70,Synthetic demonstration data
2026-11-10,CORR009,SCR,High,35,33,39,71,Synthetic demonstration data
2026-11-11,CORR009,SCR,High,33,30,35,72,Synthetic demonstration data
2026-11-12,CORR009,SCR,High,31,29,34,73,Synthetic demonstration data
2026-11-13,CORR009,SCR,High,30,26,33,74,Synthetic demonstration data
2026-11-14,CORR009,SCR,High,24,20,27,75,Synthetic demonstration data
2026-11-15,CORR009,SCR,High,21,17,25,76,Synthetic demonstration data
2026-11-16,CORR009,SCR,High,27,24,29,77,Synthetic demonstration data
2026-11-17,CORR009,SCR,High,29,27,31,78,Synthetic demonstration data
2026-11-18,CORR009,SCR,High,31,27,34,79,Synthetic demonstration data
2026-11-19,CORR009,SCR,High,27,24,30,80,Synthetic demonstration data
2026-11-20,CORR009,SCR,High,33,30,37,81,Synthetic demonstration data
2026-11-21,CORR009,SCR,High,21,17,23,82,Synthetic demonstration data
2026-11-22,CORR009,SCR,High,24,21,26,83,Synthetic demonstration data
2026-11-23,CORR009,SCR,High,31,29,35,84,Synthetic demonstration data
2026-11-24,CORR009,SCR,High,29,26,32,85,Synthetic demonstration data
2026-11-25,CORR009,SCR,High,32,29,35,86,Synthetic demonstration data
2026-11-26,CORR009,SCR,High,30,28,34,87,Synthetic demonstration data
2026-11-27,CORR009,SCR,High,35,33,39,88,Synthetic demonstration data
2026-11-28,CORR009,SCR,High,28,25,31,89,Synthetic demonstration data
2026-11-29,CORR009,SCR,High,26,23,30,90,Synthetic demonstration data
2026-09-01,CORR010,WR,Low,16,14,18,1,Synthetic demonstration data
2026-09-02,CORR010,WR,Low,19,15,21,2,Synthetic demonstration data
2026-09-03,CORR010,WR,Low,17,13,19,3,Synthetic demonstration data
2026-09-04,CORR010,WR,Low,16,14,18,4,Synthetic demonstration data
2026-09-05,CORR010,WR,Low,15,11,17,5,Synthetic demonstration data
2026-09-06,CORR010,WR,Low,17,13,20,6,Synthetic demonstration data
2026-09-07,CORR010,WR,Low,18,16,21,7,Synthetic demonstration data
2026-09-08,CORR010,WR,Low,20,17,24,8,Synthetic demonstration data
2026-09-09,CORR010,WR,Low,18,16,21,9,Synthetic demonstration data
2026-09-10,CORR010,WR,Low,19,16,21,10,Synthetic demonstration data
2026-09-11,CORR010,WR,Low,16,14,20,11,Synthetic demonstration data
2026-09-12,CORR010,WR,Low,13,9,16,12,Synthetic demonstration data
2026-09-13,CORR010,WR,Low,15,12,17,13,Synthetic demonstration data
2026-09-14,CORR010,WR,Low,19,17,23,14,Synthetic demonstration data
2026-09-15,CORR010,WR,Low,15,13,17,15,Synthetic demonstration data
2026-09-16,CORR010,WR,Low,17,14,20,16,Synthetic demonstration data
2026-09-17,CORR010,WR,Low,14,12,18,17,Synthetic demonstration data
2026-09-18,CORR010,WR,Low,17,13,21,18,Synthetic demonstration data
2026-09-19,CORR010,WR,Low,14,10,17,19,Synthetic demonstration data
2026-09-20,CORR010,WR,Low,12,8,16,20,Synthetic demonstration data
2026-09-21,CORR010,WR,Low,18,16,22,21,Synthetic demonstration data
2026-09-22,CORR010,WR,Low,15,13,19,22,Synthetic demonstration data
2026-09-23,CORR010,WR,Low,18,14,22,23,Synthetic demonstration data
2026-09-24,CORR010,WR,Low,17,13,21,24,Synthetic demonstration data
2026-09-25,CORR010,WR,Low,14,11,16,25,Synthetic demonstration data
2026-09-26,CORR010,WR,Low,11,8,15,26,Synthetic demonstration data
2026-09-27,CORR010,WR,Low,16,12,18,27,Synthetic demonstration data
2026-09-28,CORR010,WR,Low,17,15,20,28,Synthetic demonstration data
2026-09-29,CORR010,WR,Low,17,15,21,29,Synthetic demonstration data
2026-09-30,CORR010,WR,Low,19,16,23,30,Synthetic demonstration data
2026-10-01,CORR010,WR,Low,19,17,23,31,Synthetic demonstration data
2026-10-02,CORR010,WR,Low,20,17,24,32,Synthetic demonstration data
2026-10-03,CORR010,WR,Low,19,17,23,33,Synthetic demonstration data
2026-10-04,CORR010,WR,Low,17,13,20,34,Synthetic demonstration data
2026-10-05,CORR010,WR,Low,18,16,21,35,Synthetic demonstration data
2026-10-06,CORR010,WR,Low,18,16,20,36,Synthetic demonstration data
2026-10-07,CORR010,WR,Low,15,11,17,37,Synthetic demonstration data
2026-10-08,CORR010,WR,Low,17,13,19,38,Synthetic demonstration data
2026-10-09,CORR010,WR,Low,20,16,23,39,Synthetic demonstration data
2026-10-10,CORR010,WR,Low,13,11,15,40,Synthetic demonstration data
2026-10-11,CORR010,WR,Low,16,12,20,41,Synthetic demonstration data
2026-10-12,CORR010,WR,Low,17,13,19,42,Synthetic demonstration data
2026-10-13,CORR010,WR,Low,16,12,20,43,Synthetic demonstration data
2026-10-14,CORR010,WR,Low,18,15,21,44,Synthetic demonstration data
2026-10-15,CORR010,WR,Low,20,18,24,45,Synthetic demonstration data
2026-10-16,CORR010,WR,Low,18,16,20,46,Synthetic demonstration data
2026-10-17,CORR010,WR,Low,15,13,17,47,Synthetic demonstration data
2026-10-18,CORR010,WR,Low,14,10,18,48,Synthetic demonstration data
2026-10-19,CORR010,WR,Low,14,10,17,49,Synthetic demonstration data
2026-10-20,CORR010,WR,Low,15,13,18,50,Synthetic demonstration data
2026-10-21,CORR010,WR,Low,19,17,21,51,Synthetic demonstration data
2026-10-22,CORR010,WR,Low,18,14,22,52,Synthetic demonstration data
2026-10-23,CORR010,WR,Low,14,11,16,53,Synthetic demonstration data
2026-10-24,CORR010,WR,Low,13,9,16,54,Synthetic demonstration data
2026-10-25,CORR010,WR,Low,12,8,16,55,Synthetic demonstration data
2026-10-26,CORR010,WR,Low,15,13,17,56,Synthetic demonstration data
2026-10-27,CORR010,WR,Low,16,13,18,57,Synthetic demonstration data
2026-10-28,CORR010,WR,Low,14,11,16,58,Synthetic demonstration data
2026-10-29,CORR010,WR,Low,18,14,22,59,Synthetic demonstration data
2026-10-30,CORR010,WR,Low,17,14,19,60,Synthetic demonstration data
2026-10-31,CORR010,WR,Low,12,8,15,61,Synthetic demonstration data
2026-11-01,CORR010,WR,Low,10,6,12,62,Synthetic demonstration data
2026-11-02,CORR010,WR,Low,23,21,26,63,Synthetic demonstration data
2026-11-03,CORR010,WR,Low,17,15,20,64,Synthetic demonstration data
2026-11-04,CORR010,WR,Low,17,13,19,65,Synthetic demonstration data
2026-11-05,CORR010,WR,Low,20,18,22,66,Synthetic demonstration data
2026-11-06,CORR010,WR,Low,17,14,20,67,Synthetic demonstration data
2026-11-07,CORR010,WR,Low,12,10,14,68,Synthetic demonstration data
2026-11-08,CORR010,WR,Low,14,12,16,69,Synthetic demonstration data
2026-11-09,CORR010,WR,Low,19,15,23,70,Synthetic demonstration data
2026-11-10,CORR010,WR,Low,19,17,23,71,Synthetic demonstration data
2026-11-11,CORR010,WR,Low,17,14,21,72,Synthetic demonstration data
2026-11-12,CORR010,WR,Low,18,16,20,73,Synthetic demonstration data
2026-11-13,CORR010,WR,Low,16,12,18,74,Synthetic demonstration data
2026-11-14,CORR010,WR,Low,15,13,17,75,Synthetic demonstration data
2026-11-15,CORR010,WR,Low,16,13,20,76,Synthetic demonstration data
2026-11-16,CORR010,WR,Low,17,15,21,77,Synthetic demonstration data
2026-11-17,CORR010,WR,Low,17,14,20,78,Synthetic demonstration data
2026-11-18,CORR010,WR,Low,15,11,18,79,Synthetic demonstration data
2026-11-19,CORR010,WR,Low,14,12,18,80,Synthetic demonstration data
2026-11-20,CORR010,WR,Low,18,16,20,81,Synthetic demonstration data
2026-11-21,CORR010,WR,Low,17,14,21,82,Synthetic demonstration data
2026-11-22,CORR010,WR,Low,14,10,16,83,Synthetic demonstration data
2026-11-23,CORR010,WR,Low,16,14,19,84,Synthetic demonstration data
2026-11-24,CORR010,WR,Low,19,16,22,85,Synthetic demonstration data
2026-11-25,CORR010,WR,Low,14,11,18,86,Synthetic demonstration data
2026-11-26,CORR010,WR,Low,17,13,20,87,Synthetic demonstration data
2026-11-27,CORR010,WR,Low,19,15,21,88,Synthetic demonstration data
2026-11-28,CORR010,WR,Low,12,10,14,89,Synthetic demonstration data
2026-11-29,CORR010,WR,Low,15,12,19,90,Synthetic demonstration data
